Employee_Left_Company,Travel_Frequency,Education,Marital_Status,Does_Overtime,Work_Life_Balance,Age,Years_at_Company
Yes,Travels rarely,Technical Education,Single,Yes,Poor,41,6
No,Travels frequently,High School,Married,No,Very good,49,10
Yes,Travels rarely,Technical Education,Single,Yes,Very good,37,0
No,Travels frequently,Master's Degree,Married,Yes,Very good,33,8
No,Travels rarely,High School,Married,No,Very good,27,2
No,Travels frequently,Technical Education,Single,No,Good,32,7
No,Travels rarely,Bachelor’s Degree,Married,Yes,Good,59,1
No,Travels rarely,High School,Divorced,No,Very good,30,1
No,Travels frequently,Bachelor’s Degree,Single,No,Very good,38,9
No,Travels rarely,Bachelor’s Degree,Married,No,Good,36,7
No,Travels rarely,Bachelor’s Degree,Married,No,Very good,35,5
No,Travels rarely,Technical Education,Single,Yes,Very good,29,9
No,Travels rarely,High School,Divorced,No,Good,31,5
No,Travels rarely,Technical Education,Divorced,No,Very good,34,2
Yes,Travels rarely,Bachelor’s Degree,Single,Yes,Very good,28,4
No,Travels rarely,Master's Degree,Divorced,No,Very good,29,10
No,Travels rarely,Technical Education,Divorced,Yes,Good,32,6
No,Does not travel,Technical Education,Divorced,Yes,Good,22,1
No,Travels rarely,Master's Degree,Married,No,Very good,53,25
No,Travels rarely,Bachelor’s Degree,Single,Yes,Very good,38,3
No,Does not travel,Technical Education,Divorced,No,Good,24,4
Yes,Travels rarely,Master's Degree,Single,No,Very good,36,5
No,Travels rarely,Master's Degree,Single,No,Very good,34,12
No,Travels rarely,Technical Education,Single,No,Very good,21,0
Yes,Travels rarely,High School,Single,No,Very good,34,4
No,Travels rarely,Bachelor’s Degree,Divorced,No,Good,53,14
Yes,Travels frequently,High School,Single,Yes,Very good,32,10
No,Travels rarely,Master's Degree,Married,No,Very good,42,9
No,Travels rarely,Master's Degree,Married,No,Very good,44,22
No,Travels rarely,Master's Degree,Single,No,Good,46,2
No,Travels rarely,Bachelor’s Degree,Single,No,Very good,33,1
No,Travels rarely,Master's Degree,Married,Yes,Excellent,44,4
No,Travels rarely,Technical Education,Single,No,Very good,30,10
Yes,Travels rarely,Bachelor’s Degree,Married,No,Excellent,39,1
Yes,Travels rarely,Bachelor’s Degree,Married,Yes,Good,24,2
No,Travels rarely,Technical Education,Divorced,No,Good,43,5
Yes,Travels rarely,Technical Education,Married,Yes,Very good,50,3
No,Travels rarely,Bachelor’s Degree,Married,No,Very good,35,2
No,Travels rarely,Master's Degree,Married,Yes,Excellent,36,1
No,Travels frequently,Bachelor’s Degree,Married,No,Very good,33,5
No,Travels rarely,Technical Education,Divorced,No,Very good,35,1
No,Travels rarely,Master's Degree,Divorced,No,Very good,27,1
Yes,Travels rarely,Bachelor’s Degree,Single,No,Good,26,1
No,Travels frequently,Bachelor’s Degree,Single,No,Very good,27,9
No,Travels frequently,Technical Education,Single,No,Very good,30,12
Yes,Travels rarely,Bachelor’s Degree,Married,No,Very good,41,22
No,Does not travel,Master's Degree,Single,No,Very good,34,9
No,Travels rarely,Technical Education,Married,No,Very good,37,1
No,Travels frequently,Master's Degree,Single,Yes,Very good,46,9
No,Travels rarely,High School,Married,No,Very good,35,1
Yes,Travels rarely,Technical Education,Single,Yes,Very good,48,1
Yes,Travels rarely,Master's Degree,Single,Yes,Good,28,2
No,Travels rarely,PhD,Divorced,Yes,Good,44,4
No,Does not travel,Technical Education,Married,Yes,Very good,35,4
No,Travels rarely,Bachelor’s Degree,Married,Yes,Good,26,2
No,Travels frequently,Technical Education,Single,Yes,Very good,33,15
No,Travels frequently,PhD,Married,No,Good,35,9
No,Travels rarely,Master's Degree,Married,Yes,Very good,35,2
No,Travels rarely,Master's Degree,Divorced,No,Good,31,7
No,Travels rarely,Master's Degree,Divorced,No,Excellent,37,7
No,Travels rarely,Bachelor’s Degree,Married,Yes,Very good,32,9
No,Travels frequently,PhD,Single,No,Very good,38,10
No,Travels rarely,Technical Education,Divorced,Yes,Good,50,27
No,Travels rarely,Bachelor’s Degree,Single,No,Good,59,21
No,Travels rarely,Bachelor’s Degree,Divorced,No,Very good,36,17
No,Travels rarely,Bachelor’s Degree,Divorced,Yes,Very good,55,5
No,Travels frequently,Bachelor’s Degree,Single,No,Very good,36,6
No,Travels rarely,Bachelor’s Degree,Divorced,No,Very good,45,1
No,Travels frequently,Bachelor’s Degree,Married,No,Good,35,3
Yes,Travels rarely,Bachelor’s Degree,Married,Yes,Good,36,1
No,Travels frequently,High School,Single,No,Good,59,4
No,Travels rarely,Bachelor’s Degree,Married,No,Very good,29,5
No,Travels rarely,Master's Degree,Single,No,Very good,31,1
No,Travels rarely,Bachelor’s Degree,Married,No,Very good,32,10
No,Travels rarely,Bachelor’s Degree,Married,No,Very good,36,1
No,Travels rarely,Master's Degree,Single,No,Very good,31,11
No,Travels rarely,Master's Degree,Single,No,Very good,35,15
No,Travels rarely,Master's Degree,Married,Yes,Excellent,45,0
No,Travels rarely,Master's Degree,Single,No,Excellent,37,5
No,Travels rarely,Technical Education,Divorced,Yes,Very good,46,4
No,Travels rarely,High School,Married,Yes,Good,30,10
No,Travels rarely,Bachelor’s Degree,Single,No,Very good,35,6
No,Travels rarely,Technical Education,Married,No,Very good,55,1
No,Does not travel,Bachelor’s Degree,Divorced,Yes,Very good,38,13
No,Travels rarely,Technical Education,Married,No,Very good,34,5
No,Travels rarely,Bachelor’s Degree,Single,No,Good,56,6
No,Travels rarely,High School,Divorced,No,Very good,23,0
No,Travels rarely,Master's Degree,Married,No,Very good,51,4
No,Travels rarely,Bachelor’s Degree,Married,No,Very good,30,11
Yes,Travels rarely,Technical Education,Single,No,Very good,46,9
No,Travels frequently,Master's Degree,Married,No,Good,40,22
No,Travels rarely,Master's Degree,Single,Yes,Poor,51,10
No,Travels rarely,Technical Education,Divorced,Yes,Good,30,11
No,Travels frequently,Bachelor’s Degree,Married,Yes,Good,46,10
No,Travels rarely,Master's Degree,Single,No,Very good,32,11
No,Travels rarely,Master's Degree,Married,No,Poor,54,4
No,Travels rarely,Technical Education,Married,No,Good,24,3
No,Does not travel,Bachelor’s Degree,Married,No,Excellent,28,5
No,Travels rarely,Master's Degree,Single,No,Good,58,37
No,Does not travel,Bachelor’s Degree,Married,No,Excellent,44,3
Yes,Travels rarely,Master's Degree,Divorced,Yes,Very good,37,3
No,Travels rarely,High School,Single,No,Very good,32,1
Yes,Travels frequently,Bachelor’s Degree,Single,Yes,Very good,20,1
No,Travels rarely,Master's Degree,Single,No,Very good,34,16
No,Does not travel,Technical Education,Divorced,No,Excellent,37,1
No,Does not travel,Master's Degree,Married,No,Very good,59,3
No,Travels frequently,Bachelor’s Degree,Married,Yes,Good,50,8
Yes,Travels rarely,Bachelor’s Degree,Single,Yes,Very good,25,6
No,Travels rarely,High School,Married,No,Very good,25,2
No,Travels rarely,Bachelor’s Degree,Single,No,Very good,22,0
No,Travels frequently,Master's Degree,Single,No,Good,51,13
Yes,Travels frequently,Bachelor’s Degree,Single,Yes,Very good,34,9
No,Does not travel,Bachelor’s Degree,Single,Yes,Very good,54,5
No,Travels rarely,High School,Married,No,Very good,24,5
No,Travels rarely,Master's Degree,Divorced,No,Very good,34,1
No,Travels rarely,Bachelor’s Degree,Single,No,Very good,37,5
No,Travels rarely,Bachelor’s Degree,Single,No,Very good,34,11
No,Travels frequently,Technical Education,Married,No,Very good,36,9
No,Travels rarely,Technical Education,Divorced,No,Very good,36,1
No,Travels frequently,Technical Education,Married,Yes,Excellent,43,25
No,Travels frequently,Bachelor’s Degree,Divorced,No,Good,30,10
No,Does not travel,Technical Education,Married,No,Excellent,33,7
Yes,Travels rarely,Master's Degree,Married,Yes,Very good,56,5
No,Travels rarely,Bachelor’s Degree,Single,No,Very good,51,20
Yes,Travels rarely,Master's Degree,Married,Yes,Good,31,7
No,Travels rarely,Bachelor’s Degree,Married,No,Good,26,5
Yes,Travels rarely,Master's Degree,Married,No,Good,58,40
Yes,Travels rarely,High School,Single,Yes,Good,19,0
No,Travels rarely,High School,Married,No,Very good,22,2
No,Travels rarely,Master's Degree,Married,No,Good,49,15
No,Travels frequently,Bachelor’s Degree,Single,No,Very good,43,3
No,Travels frequently,Bachelor’s Degree,Single,No,Very good,50,2
Yes,Travels rarely,Bachelor’s Degree,Married,Yes,Very good,31,2
No,Travels rarely,High School,Divorced,Yes,Very good,41,9
No,Travels rarely,High School,Married,No,Very good,26,8
No,Travels rarely,Technical Education,Divorced,No,Very good,36,3
Yes,Travels frequently,Master's Degree,Single,No,Very good,51,4
No,Travels rarely,Master's Degree,Married,No,Excellent,39,15
No,Travels rarely,Bachelor’s Degree,Married,No,Very good,25,2
No,Travels rarely,Bachelor’s Degree,Married,Yes,Poor,30,11
Yes,Travels rarely,Bachelor’s Degree,Single,No,Excellent,32,5
No,Travels rarely,Bachelor’s Degree,Single,No,Good,45,6
No,Travels rarely,PhD,Single,Yes,Very good,38,3
No,Travels rarely,Bachelor’s Degree,Single,No,Good,30,5
No,Travels frequently,Technical Education,Divorced,No,Excellent,32,8
No,Travels rarely,Bachelor’s Degree,Divorced,No,Very good,30,3
No,Travels rarely,High School,Single,No,Very good,30,5
No,Travels frequently,Bachelor’s Degree,Divorced,No,Good,41,7
No,Travels rarely,Master's Degree,Married,No,Very good,41,5
No,Travels rarely,High School,Single,No,Very good,19,1
No,Travels frequently,Bachelor’s Degree,Divorced,No,Very good,40,20
No,Travels rarely,PhD,Married,No,Very good,35,10
No,Travels rarely,Technical Education,Married,Yes,Poor,53,7
No,Travels rarely,Bachelor’s Degree,Divorced,No,Poor,45,17
No,Travels frequently,Bachelor’s Degree,Single,No,Very good,32,9
No,Does not travel,High School,Married,No,Very good,29,10
No,Travels rarely,Master's Degree,Married,No,Very good,51,1
No,Travels rarely,Bachelor’s Degree,Married,Yes,Good,58,1
No,Travels rarely,Master's Degree,Married,No,Good,40,12
No,Travels frequently,Master's Degree,Married,No,Very good,34,4
No,Travels rarely,High School,Married,No,Very good,22,2
No,Does not travel,Bachelor’s Degree,Divorced,No,Poor,27,2
No,Travels rarely,Bachelor’s Degree,Married,No,Poor,28,5
No,Travels rarely,Technical Education,Divorced,Yes,Poor,57,5
No,Does not travel,Bachelor’s Degree,Divorced,Yes,Good,27,1
No,Travels rarely,Bachelor’s Degree,Single,No,Very good,50,5
No,Travels rarely,Bachelor’s Degree,Divorced,No,Very good,41,9
No,Travels rarely,Bachelor’s Degree,Married,No,Very good,30,10
No,Travels rarely,Master's Degree,Single,No,Excellent,38,8
No,Travels rarely,PhD,Single,No,Very good,32,5
No,Travels rarely,Bachelor’s Degree,Married,Yes,Good,27,5
Yes,Travels frequently,High School,Single,No,Excellent,19,0
No,Travels frequently,Technical Education,Single,No,Good,36,8
No,Does not travel,Bachelor’s Degree,Divorced,No,Very good,30,12
No,Travels rarely,Technical Education,Divorced,Yes,Excellent,45,5
No,Travels rarely,Bachelor’s Degree,Divorced,Yes,Very good,56,2
No,Travels rarely,Bachelor’s Degree,Single,No,Excellent,33,3
Yes,Travels rarely,Bachelor’s Degree,Single,No,Good,19,1
No,Travels rarely,Technical Education,Divorced,No,Very good,46,24
No,Travels rarely,Technical Education,Single,No,Very good,38,2
No,Travels rarely,High School,Married,Yes,Very good,31,4
No,Travels rarely,Technical Education,Single,No,Very good,34,3
Yes,Travels rarely,Technical Education,Single,Yes,Good,41,4
No,Travels rarely,Bachelor’s Degree,Married,No,Good,50,3
No,Travels rarely,Technical Education,Divorced,No,Very good,53,4
No,Travels rarely,Bachelor’s Degree,Married,No,Very good,33,8
No,Travels rarely,High School,Married,No,Very good,40,20
No,Travels rarely,Master's Degree,Single,No,Very good,55,24
No,Travels frequently,High School,Married,No,Good,34,10
No,Travels rarely,Bachelor’s Degree,Single,No,Very good,51,7
No,Travels rarely,Master's Degree,Married,No,Very good,52,33
No,Travels rarely,Bachelor’s Degree,Single,No,Good,27,7
Yes,Travels rarely,Technical Education,Married,Yes,Very good,35,1
No,Does not travel,Bachelor’s Degree,Divorced,No,Excellent,43,5
No,Does not travel,Technical Education,Married,No,Very good,45,20
No,Travels rarely,Bachelor’s Degree,Married,Yes,Good,37,8
No,Travels frequently,Bachelor’s Degree,Single,No,Very good,35,6
No,Does not travel,Technical Education,Divorced,No,Very good,42,5
No,Travels rarely,Master's Degree,Married,No,Very good,38,1
No,Travels rarely,Bachelor’s Degree,Married,No,Poor,38,7
No,Travels frequently,High School,Married,No,Very good,27,2
No,Does not travel,Master's Degree,Divorced,Yes,Very good,49,7
No,Travels frequently,Master's Degree,Divorced,Yes,Excellent,34,5
No,Travels rarely,Technical Education,Married,Yes,Excellent,40,7
Yes,Travels rarely,High School,Married,Yes,Very good,38,1
Yes,Travels rarely,Bachelor’s Degree,Married,No,Good,29,10
No,Travels rarely,Bachelor’s Degree,Divorced,Yes,Good,22,4
No,Travels frequently,High School,Single,No,Very good,36,8
No,Does not travel,PhD,Married,No,Poor,40,3
No,Travels rarely,Master's Degree,Divorced,No,Very good,46,4
Yes,Travels rarely,Master's Degree,Married,No,Good,32,14
No,Does not travel,High School,Single,No,Very good,30,11
No,Travels frequently,Bachelor’s Degree,Single,No,Very good,27,7
No,Travels rarely,Master's Degree,Married,No,Poor,51,10
Yes,Travels rarely,Bachelor’s Degree,Single,Yes,Very good,30,5
No,Travels rarely,Bachelor’s Degree,Single,Yes,Very good,41,1
Yes,Travels frequently,Master's Degree,Single,No,Good,30,6
Yes,Travels rarely,Bachelor’s Degree,Single,No,Good,29,6
No,Does not travel,Bachelor’s Degree,Single,No,Very good,45,19
No,Travels rarely,Bachelor’s Degree,Married,No,Very good,54,6
No,Travels rarely,Technical Education,Single,No,Excellent,36,13
No,Travels rarely,Master's Degree,Married,No,Very good,33,3
No,Travels frequently,Bachelor’s Degree,Divorced,Yes,Very good,37,10
No,Travels rarely,Bachelor’s Degree,Divorced,No,Good,38,16
No,Does not travel,Master's Degree,Married,No,Very good,31,5
No,Travels rarely,Bachelor’s Degree,Married,No,Very good,59,1
No,Travels frequently,Master's Degree,Divorced,No,Very good,37,9
No,Travels frequently,High School,Married,No,Very good,29,11
No,Travels frequently,Bachelor’s Degree,Single,No,Excellent,35,10
Yes,Travels rarely,High School,Single,Yes,Good,29,4
No,Travels rarely,Bachelor’s Degree,Single,No,Good,52,2
No,Travels rarely,Technical Education,Married,No,Very good,42,22
No,Travels rarely,Technical Education,Married,No,Good,59,2
No,Travels rarely,Master's Degree,Divorced,No,Good,50,7
Yes,Travels rarely,Bachelor’s Degree,Married,Yes,Poor,33,5
No,Travels rarely,Bachelor’s Degree,Married,Yes,Very good,43,17
Yes,Travels rarely,Technical Education,Married,No,Excellent,33,9
No,Does not travel,Master's Degree,Single,Yes,Excellent,52,33
No,Travels rarely,Technical Education,Married,No,Very good,32,4
Yes,Travels rarely,Bachelor’s Degree,Single,Yes,Poor,32,3
No,Travels rarely,Master's Degree,Divorced,No,Very good,39,3
No,Does not travel,Master's Degree,Married,No,Very good,32,3
No,Travels rarely,Technical Education,Divorced,No,Good,41,1
No,Travels rarely,Technical Education,Divorced,No,Very good,40,9
No,Travels rarely,Bachelor’s Degree,Married,No,Very good,45,24
No,Travels frequently,Master's Degree,Divorced,No,Very good,31,2
No,Travels rarely,Master's Degree,Married,No,Good,33,2
No,Travels rarely,Master's Degree,Married,No,Very good,34,11
No,Travels rarely,Technical Education,Married,No,Good,37,3
No,Travels frequently,Master's Degree,Married,No,Very good,45,3
Yes,Travels frequently,Bachelor’s Degree,Divorced,No,Very good,37,1
No,Travels frequently,Master's Degree,Single,No,Very good,39,19
No,Travels rarely,Bachelor’s Degree,Single,No,Very good,29,6
No,Travels rarely,Technical Education,Single,Yes,Very good,42,3
No,Travels rarely,Technical Education,Divorced,No,Very good,29,3
No,Travels rarely,Bachelor’s Degree,Married,No,Very good,25,4
No,Travels rarely,Bachelor’s Degree,Divorced,Yes,Very good,42,9
No,Travels rarely,Technical Education,Divorced,No,Very good,40,21
No,Travels rarely,Bachelor’s Degree,Married,No,Good,51,1
Yes,Travels frequently,Technical Education,Single,No,Excellent,31,5
No,Travels frequently,Bachelor’s Degree,Married,No,Poor,32,5
No,Does not travel,Technical Education,Married,No,Very good,38,8
No,Travels rarely,High School,Single,No,Very good,32,6
No,Travels rarely,Bachelor’s Degree,Married,Yes,Good,46,7
Yes,Travels rarely,Master's Degree,Single,No,Poor,28,0
No,Travels rarely,Bachelor’s Degree,Married,No,Very good,29,0
No,Travels rarely,Bachelor’s Degree,Married,No,Very good,31,9
No,Does not travel,Technical Education,Divorced,No,Very good,25,6
No,Travels rarely,Technical Education,Married,Yes,Very good,45,20
No,Travels rarely,Bachelor’s Degree,Married,No,Very good,36,15
No,Travels rarely,Bachelor’s Degree,Single,Yes,Very good,55,36
Yes,Does not travel,Master's Degree,Married,Yes,Good,47,10
No,Travels rarely,Bachelor’s Degree,Married,No,Good,28,5
No,Travels rarely,Master's Degree,Married,No,Excellent,37,5
No,Travels rarely,Technical Education,Single,No,Excellent,21,3
No,Does not travel,Master's Degree,Divorced,Yes,Very good,37,5
No,Travels rarely,Bachelor’s Degree,Divorced,No,Good,35,7
No,Travels rarely,Technical Education,Divorced,Yes,Very good,38,8
No,Travels frequently,Bachelor’s Degree,Divorced,No,Poor,26,6
No,Travels rarely,High School,Divorced,No,Good,50,10
No,Travels rarely,Master's Degree,Married,Yes,Good,53,5
No,Travels rarely,High School,Married,No,Very good,42,20
No,Travels frequently,Technical Education,Single,No,Good,29,10
No,Travels rarely,Technical Education,Married,Yes,Very good,55,10
No,Travels frequently,Technical Education,Married,Yes,Very good,26,5
No,Travels rarely,Bachelor’s Degree,Single,No,Very good,37,17
Yes,Travels frequently,Bachelor’s Degree,Divorced,Yes,Poor,44,1
No,Travels rarely,Master's Degree,Divorced,No,Very good,38,2
Yes,Travels rarely,Master's Degree,Divorced,Yes,Very good,26,3
No,Travels rarely,Technical Education,Single,No,Very good,28,5
No,Travels frequently,Master's Degree,Single,Yes,Very good,49,3
No,Travels rarely,Bachelor’s Degree,Single,No,Very good,36,8
No,Travels frequently,Bachelor’s Degree,Divorced,No,Good,31,2
Yes,Travels rarely,Master's Degree,Single,Yes,Very good,26,8
No,Travels frequently,Bachelor’s Degree,Married,Yes,Good,37,4
No,Travels frequently,Bachelor’s Degree,Married,No,Excellent,42,20
Yes,Travels rarely,Bachelor’s Degree,Single,No,Very good,18,0
No,Travels rarely,Bachelor’s Degree,Married,No,Good,35,11
No,Travels frequently,Master's Degree,Married,No,Very good,36,1
No,Travels rarely,Bachelor’s Degree,Divorced,No,Very good,51,4
No,Travels rarely,Master's Degree,Single,No,Very good,41,22
No,Travels rarely,Bachelor’s Degree,Single,No,Very good,18,0
No,Travels rarely,Technical Education,Single,No,Very good,28,8
No,Travels rarely,Bachelor’s Degree,Married,No,Good,31,8
No,Travels rarely,Bachelor’s Degree,Divorced,No,Good,39,18
No,Does not travel,Master's Degree,Married,No,Very good,36,9
No,Travels rarely,Bachelor’s Degree,Married,No,Good,32,13
No,Travels rarely,Technical Education,Married,No,Very good,38,10
No,Does not travel,Master's Degree,Divorced,Yes,Very good,58,5
No,Travels rarely,Master's Degree,Married,Yes,Very good,31,5
No,Travels rarely,Bachelor’s Degree,Married,No,Very good,31,2
No,Travels frequently,Bachelor’s Degree,Divorced,No,Very good,45,24
No,Travels rarely,Master's Degree,Divorced,Yes,Poor,31,2
No,Travels frequently,Master's Degree,Married,No,Very good,33,10
No,Travels rarely,High School,Married,Yes,Very good,39,21
No,Travels frequently,Master's Degree,Single,No,Very good,43,8
No,Travels rarely,Technical Education,Single,Yes,Very good,49,7
Yes,Travels rarely,Master's Degree,Married,No,Good,52,8
No,Travels rarely,Bachelor’s Degree,Single,Yes,Good,27,4
No,Travels rarely,Technical Education,Married,Yes,Very good,32,13
No,Travels rarely,Bachelor’s Degree,Single,Yes,Very good,27,5
No,Travels rarely,Bachelor’s Degree,Divorced,No,Very good,31,7
No,Travels rarely,Master's Degree,Single,No,Good,32,7
Yes,Travels rarely,Master's Degree,Married,Yes,Good,28,3
No,Travels rarely,Technical Education,Married,No,Very good,30,10
No,Travels frequently,Technical Education,Married,No,Very good,31,10
No,Travels frequently,Technical Education,Married,No,Very good,39,21
Yes,Travels rarely,Technical Education,Married,Yes,Good,39,1
No,Travels frequently,Bachelor’s Degree,Single,No,Good,33,7
No,Travels rarely,PhD,Married,No,Very good,47,3
No,Travels frequently,Master's Degree,Divorced,No,Excellent,43,9
No,Does not travel,High School,Married,Yes,Very good,27,5
No,Travels frequently,Master's Degree,Single,No,Good,54,4
No,Travels rarely,Bachelor’s Degree,Married,No,Good,43,1
No,Travels rarely,Master's Degree,Married,No,Very good,45,10
No,Travels rarely,Technical Education,Married,Yes,Good,40,4
Yes,Travels rarely,Master's Degree,Married,Yes,Good,29,7
No,Travels rarely,PhD,Single,No,Very good,29,3
No,Travels rarely,Bachelor’s Degree,Divorced,No,Very good,30,10
No,Travels rarely,Master's Degree,Married,No,Very good,27,8
No,Travels rarely,Technical Education,Divorced,No,Good,37,6
No,Travels rarely,Technical Education,Divorced,Yes,Very good,38,11
No,Travels rarely,Master's Degree,Single,Yes,Good,31,11
No,Travels rarely,High School,Divorced,Yes,Very good,29,7
No,Travels rarely,Master's Degree,Single,No,Very good,35,16
No,Travels rarely,High School,Divorced,No,Good,23,4
No,Travels rarely,Bachelor’s Degree,Single,Yes,Very good,41,5
No,Travels frequently,High School,Single,No,Very good,47,0
No,Travels rarely,PhD,Single,No,Very good,42,1
No,Does not travel,Bachelor’s Degree,Married,No,Good,29,4
No,Travels rarely,High School,Divorced,Yes,Very good,42,3
No,Travels rarely,Bachelor’s Degree,Married,No,Very good,32,8
No,Travels rarely,High School,Married,No,Poor,48,0
No,Travels rarely,Bachelor’s Degree,Divorced,Yes,Very good,37,7
No,Does not travel,Technical Education,Married,Yes,Excellent,30,2
No,Travels rarely,Bachelor’s Degree,Married,No,Very good,26,8
No,Travels rarely,Master's Degree,Single,No,Very good,42,1
Yes,Travels frequently,High School,Single,Yes,Very good,21,3
No,Does not travel,PhD,Single,No,Very good,36,1
No,Travels frequently,Master's Degree,Married,No,Very good,36,13
No,Travels rarely,Master's Degree,Married,No,Very good,57,3
No,Travels rarely,Master's Degree,Married,Yes,Very good,40,7
No,Does not travel,Technical Education,Single,No,Good,21,3
Yes,Travels rarely,Bachelor’s Degree,Single,Yes,Very good,33,1
No,Travels rarely,Bachelor’s Degree,Married,No,Very good,37,5
No,Does not travel,Master's Degree,Married,No,Excellent,46,1
Yes,Travels frequently,Bachelor’s Degree,Single,No,Very good,41,8
No,Travels rarely,Bachelor’s Degree,Single,No,Very good,50,4
Yes,Travels rarely,Technical Education,Married,Yes,Very good,40,6
No,Travels rarely,Master's Degree,Single,Yes,Very good,31,2
Yes,Travels rarely,Bachelor’s Degree,Single,No,Very good,21,1
No,Travels rarely,Bachelor’s Degree,Single,No,Very good,29,3
No,Travels rarely,Master's Degree,Single,No,Very good,35,1
No,Travels rarely,Technical Education,Divorced,No,Very good,27,5
No,Travels rarely,Master's Degree,Single,No,Very good,28,7
No,Travels rarely,Bachelor’s Degree,Single,No,Very good,49,5
No,Travels rarely,Technical Education,Married,No,Good,51,7
No,Travels rarely,Bachelor’s Degree,Married,No,Very good,36,2
Yes,Does not travel,Bachelor’s Degree,Single,Yes,Good,34,5
No,Travels rarely,Bachelor’s Degree,Single,Yes,Very good,55,5
No,Travels rarely,Master's Degree,Divorced,Yes,Excellent,24,5
No,Travels rarely,High School,Married,No,Very good,30,1
Yes,Travels frequently,High School,Single,No,Very good,26,6
No,Travels rarely,Bachelor’s Degree,Married,No,Very good,22,2
No,Travels rarely,Technical Education,Married,No,Very good,36,10
Yes,Travels frequently,Bachelor’s Degree,Single,Yes,Very good,30,1
No,Travels rarely,Bachelor’s Degree,Divorced,No,Good,37,18
No,Travels rarely,Technical Education,Divorced,No,Very good,40,5
No,Travels rarely,Master's Degree,Divorced,No,Very good,42,5
No,Travels rarely,Master's Degree,Single,Yes,Good,37,1
No,Travels rarely,Bachelor’s Degree,Divorced,No,Very good,43,25
No,Travels rarely,Bachelor’s Degree,Married,No,Very good,40,1
No,Travels rarely,Technical Education,Married,No,Good,54,4
No,Does not travel,Master's Degree,Married,No,Very good,34,3
No,Travels rarely,Technical Education,Married,No,Poor,31,13
No,Travels frequently,Bachelor’s Degree,Married,No,Very good,43,3
No,Travels rarely,Master's Degree,Divorced,Yes,Very good,43,5
No,Travels rarely,Technical Education,Single,Yes,Very good,25,5
No,Does not travel,PhD,Married,Yes,Very good,37,13
No,Travels rarely,Technical Education,Married,No,Very good,31,4
No,Travels frequently,High School,Divorced,Yes,Very good,39,21
No,Travels frequently,Bachelor’s Degree,Married,No,Good,56,7
No,Travels rarely,Bachelor’s Degree,Single,No,Very good,30,5
No,Travels rarely,Bachelor’s Degree,Married,No,Very good,41,10
No,Travels rarely,Technical Education,Divorced,No,Very good,28,10
Yes,Travels rarely,Bachelor’s Degree,Married,No,Very good,25,2
No,Travels rarely,Bachelor’s Degree,Married,Yes,Very good,52,5
No,Travels rarely,Technical Education,Married,No,Good,45,2
No,Travels rarely,Technical Education,Married,No,Poor,52,5
No,Travels frequently,Technical Education,Divorced,No,Very good,42,5
No,Travels rarely,Bachelor’s Degree,Single,No,Very good,30,5
No,Travels rarely,Bachelor’s Degree,Married,No,Poor,60,29
No,Travels rarely,Bachelor’s Degree,Divorced,No,Good,46,10
No,Travels frequently,Master's Degree,Married,No,Excellent,42,6
Yes,Travels rarely,High School,Single,Yes,Very good,24,5
Yes,Travels frequently,Technical Education,Divorced,No,Good,34,2
No,Travels frequently,Technical Education,Married,Yes,Very good,38,1
No,Travels rarely,Master's Degree,Married,No,Very good,40,20
No,Travels rarely,Bachelor’s Degree,Divorced,No,Poor,26,3
No,Does not travel,Bachelor’s Degree,Married,No,Poor,30,5
No,Travels rarely,Master's Degree,Married,No,Very good,29,10
Yes,Travels rarely,PhD,Married,No,Excellent,29,2
Yes,Travels rarely,Technical Education,Single,No,Excellent,19,1
No,Does not travel,Master's Degree,Married,No,Very good,30,9
No,Travels rarely,Bachelor’s Degree,Divorced,No,Good,57,1
No,Travels rarely,Master's Degree,Married,No,Very good,50,27
No,Does not travel,Bachelor’s Degree,Single,No,Good,30,11
No,Travels frequently,Bachelor’s Degree,Married,No,Excellent,60,18
No,Travels rarely,Technical Education,Divorced,No,Very good,47,5
No,Travels rarely,Bachelor’s Degree,Married,No,Poor,46,3
No,Travels rarely,Bachelor’s Degree,Single,No,Very good,35,5
No,Travels rarely,Master's Degree,Single,No,Very good,54,1
No,Travels rarely,Master's Degree,Divorced,No,Very good,34,7
No,Travels rarely,Bachelor’s Degree,Married,Yes,Very good,46,3
No,Travels rarely,High School,Divorced,No,Excellent,31,13
Yes,Travels rarely,High School,Married,Yes,Excellent,33,7
Yes,Travels rarely,High School,Divorced,No,Very good,33,4
No,Travels rarely,High School,Single,No,Very good,30,3
No,Travels rarely,Bachelor’s Degree,Married,Yes,Very good,35,8
Yes,Travels frequently,Bachelor’s Degree,Married,No,Very good,31,1
Yes,Travels frequently,Bachelor’s Degree,Divorced,Yes,Very good,34,3
No,Travels frequently,Technical Education,Married,No,Very good,42,2
No,Does not travel,Master's Degree,Single,No,Good,36,10
Yes,Travels frequently,High School,Single,No,Very good,22,2
No,Travels rarely,PhD,Married,No,Very good,48,9
No,Travels rarely,PhD,Single,No,Very good,55,10
No,Does not travel,Technical Education,Single,No,Very good,41,14
No,Travels rarely,Bachelor’s Degree,Married,No,Very good,35,11
No,Travels rarely,Bachelor’s Degree,Single,No,Very good,40,20
No,Travels frequently,High School,Married,No,Very good,39,8
No,Travels rarely,High School,Single,Yes,Excellent,31,6
No,Travels rarely,Bachelor’s Degree,Married,Yes,Good,42,10
No,Travels rarely,Bachelor’s Degree,Married,No,Excellent,45,8
Yes,Travels frequently,Master's Degree,Divorced,Yes,Good,26,7
No,Travels rarely,Bachelor’s Degree,Divorced,No,Excellent,29,3
No,Travels rarely,PhD,Divorced,No,Very good,33,6
No,Travels rarely,Bachelor’s Degree,Divorced,No,Good,31,5
Yes,Travels frequently,Bachelor’s Degree,Single,Yes,Very good,18,0
No,Does not travel,Bachelor’s Degree,Divorced,No,Very good,40,1
No,Does not travel,Master's Degree,Single,Yes,Very good,41,8
No,Travels rarely,Technical Education,Divorced,No,Very good,26,0
No,Travels rarely,Bachelor’s Degree,Single,No,Very good,35,5
No,Travels rarely,Master's Degree,Single,No,Very good,34,10
Yes,Travels rarely,Bachelor’s Degree,Single,Yes,Poor,26,1
No,Travels rarely,Bachelor’s Degree,Single,No,Excellent,37,6
No,Travels frequently,High School,Married,No,Good,46,2
No,Travels rarely,PhD,Married,No,Very good,41,18
No,Does not travel,Master's Degree,Divorced,No,Very good,37,9
No,Travels rarely,Technical Education,Divorced,Yes,Very good,52,10
Yes,Does not travel,Master's Degree,Married,No,Very good,32,4
No,Travels frequently,Bachelor’s Degree,Married,No,Very good,24,2
No,Travels rarely,Bachelor’s Degree,Married,No,Very good,38,1
No,Travels rarely,Master's Degree,Married,No,Good,37,6
No,Travels rarely,Master's Degree,Divorced,Yes,Very good,49,31
No,Travels rarely,Bachelor’s Degree,Married,Yes,Very good,24,6
No,Travels rarely,Technical Education,Married,No,Excellent,26,5
No,Travels rarely,Technical Education,Married,No,Very good,24,1
No,Travels frequently,Bachelor’s Degree,Married,No,Very good,50,32
No,Travels rarely,High School,Married,No,Very good,25,7
Yes,Travels frequently,Bachelor’s Degree,Married,Yes,Very good,24,6
Yes,Travels frequently,Master's Degree,Married,No,Excellent,30,1
No,Travels rarely,Technical Education,Married,Yes,Very good,34,6
Yes,Travels rarely,Master's Degree,Divorced,No,Poor,31,3
No,Travels rarely,Technical Education,Single,No,Very good,35,3
No,Travels rarely,Master's Degree,Divorced,No,Excellent,31,7
No,Travels rarely,Master's Degree,Divorced,No,Good,27,5
No,Travels rarely,Bachelor’s Degree,Married,Yes,Good,37,3
No,Travels rarely,Bachelor’s Degree,Single,No,Excellent,20,1
No,Travels rarely,Master's Degree,Married,No,Very good,42,10
No,Travels rarely,Master's Degree,Divorced,Yes,Good,43,1
No,Travels rarely,High School,Single,No,Good,38,0
No,Travels frequently,PhD,Divorced,Yes,Very good,43,8
No,Travels rarely,Master's Degree,Married,No,Poor,48,3
No,Travels rarely,Master's Degree,Single,No,Excellent,44,2
No,Travels rarely,Bachelor’s Degree,Divorced,Yes,Very good,34,8
Yes,Travels rarely,High School,Divorced,No,Very good,27,4
No,Travels rarely,High School,Single,No,Very good,21,3
No,Travels rarely,Master's Degree,Married,Yes,Excellent,44,2
No,Travels rarely,High School,Married,No,Very good,22,2
No,Travels rarely,Master's Degree,Divorced,No,Very good,33,5
No,Travels rarely,Master's Degree,Married,Yes,Good,32,6
No,Travels frequently,Bachelor’s Degree,Divorced,No,Very good,30,1
No,Travels rarely,High School,Single,No,Excellent,53,14
No,Travels rarely,PhD,Married,No,Good,34,10
Yes,Travels frequently,Master's Degree,Married,No,Very good,45,1
No,Travels rarely,Bachelor’s Degree,Married,Yes,Very good,26,3
No,Travels rarely,Bachelor’s Degree,Married,No,Very good,37,10
No,Travels rarely,Technical Education,Married,No,Good,29,6
No,Travels rarely,Master's Degree,Single,No,Very good,35,17
No,Travels frequently,Bachelor’s Degree,Divorced,No,Poor,33,13
No,Travels rarely,Master's Degree,Married,No,Excellent,54,9
No,Travels rarely,Technical Education,Divorced,Yes,Very good,36,3
No,Travels rarely,Master's Degree,Single,No,Very good,27,4
Yes,Travels rarely,High School,Single,Yes,Very good,20,1
Yes,Travels frequently,Bachelor’s Degree,Single,Yes,Very good,33,10
No,Does not travel,Bachelor’s Degree,Married,No,Very good,35,1
No,Travels rarely,Bachelor’s Degree,Married,No,Excellent,23,3
No,Travels rarely,Bachelor’s Degree,Married,No,Very good,25,3
No,Travels rarely,Master's Degree,Single,No,Very good,38,7
No,Travels frequently,Master's Degree,Divorced,No,Very good,29,10
No,Travels rarely,High School,Married,No,Very good,48,2
No,Travels frequently,High School,Divorced,Yes,Very good,27,6
No,Travels rarely,Technical Education,Single,No,Very good,37,1
No,Travels rarely,High School,Married,Yes,Very good,50,20
No,Travels rarely,Bachelor’s Degree,Single,No,Excellent,34,8
Yes,Travels rarely,Technical Education,Single,No,Very good,24,2
No,Travels rarely,Master's Degree,Single,No,Very good,39,20
No,Travels rarely,Bachelor’s Degree,Single,No,Good,32,10
Yes,Travels frequently,Technical Education,Married,Yes,Very good,50,4
No,Travels rarely,Master's Degree,Single,No,Good,38,9
No,Travels rarely,Technical Education,Married,No,Very good,27,9
No,Travels rarely,Technical Education,Single,No,Very good,32,7
No,Travels rarely,Master's Degree,Single,No,Very good,47,7
No,Travels frequently,Master's Degree,Married,Yes,Very good,40,18
No,Travels rarely,Bachelor’s Degree,Married,No,Very good,53,5
No,Travels rarely,Master's Degree,Divorced,No,Good,41,21
No,Travels rarely,Master's Degree,Single,No,Very good,60,2
No,Travels frequently,Technical Education,Divorced,No,Good,27,9
No,Travels rarely,Bachelor’s Degree,Married,No,Very good,41,22
No,Travels rarely,Master's Degree,Married,No,Very good,50,2
Yes,Travels rarely,Technical Education,Single,Yes,Very good,28,7
No,Does not travel,Bachelor’s Degree,Married,No,Very good,36,8
No,Travels rarely,Bachelor’s Degree,Single,Yes,Excellent,38,1
No,Does not travel,Bachelor’s Degree,Single,No,Very good,44,5
No,Travels frequently,Bachelor’s Degree,Divorced,Yes,Good,47,22
No,Travels rarely,PhD,Divorced,No,Good,30,8
No,Travels rarely,Bachelor’s Degree,Single,No,Very good,29,1
Yes,Travels frequently,Bachelor’s Degree,Divorced,Yes,Very good,42,2
No,Travels frequently,Bachelor’s Degree,Married,No,Very good,43,2
No,Travels rarely,Technical Education,Single,No,Very good,34,5
No,Travels rarely,High School,Married,No,Excellent,23,4
No,Travels rarely,Bachelor’s Degree,Married,No,Poor,39,8
No,Travels rarely,Bachelor’s Degree,Married,No,Good,56,10
No,Travels rarely,High School,Single,Yes,Good,40,4
No,Travels rarely,Bachelor’s Degree,Single,No,Poor,27,7
No,Travels rarely,Bachelor’s Degree,Divorced,No,Very good,29,2
No,Travels rarely,Bachelor’s Degree,Single,No,Very good,53,2
No,Does not travel,Master's Degree,Divorced,No,Excellent,35,1
No,Travels frequently,Master's Degree,Married,No,Very good,32,10
No,Travels rarely,PhD,Married,Yes,Poor,38,1
No,Travels rarely,PhD,Divorced,No,Very good,34,0
No,Travels rarely,Master's Degree,Married,No,Excellent,52,34
Yes,Travels rarely,Master's Degree,Single,Yes,Good,33,10
No,Travels rarely,High School,Single,No,Good,25,6
No,Travels rarely,Technical Education,Single,No,Very good,45,8
No,Travels rarely,High School,Single,No,Very good,23,2
Yes,Travels frequently,Technical Education,Single,Yes,Very good,47,5
No,Travels rarely,Bachelor’s Degree,Single,No,Very good,34,6
Yes,Travels rarely,Bachelor’s Degree,Married,Yes,Very good,55,5
No,Does not travel,Master's Degree,Single,No,Very good,36,10
No,Does not travel,Master's Degree,Married,No,Very good,52,4
No,Travels frequently,Technical Education,Divorced,No,Very good,26,2
No,Travels rarely,Bachelor’s Degree,Married,No,Good,29,8
Yes,Travels rarely,Bachelor’s Degree,Single,No,Good,26,4
No,Travels rarely,Master's Degree,Single,No,Very good,34,4
No,Travels rarely,Master's Degree,Divorced,Yes,Very good,54,5
No,Travels frequently,High School,Married,No,Very good,27,4
No,Travels rarely,High School,Divorced,Yes,Good,37,5
No,Travels frequently,Master's Degree,Single,Yes,Very good,38,15
No,Travels rarely,Master's Degree,Single,No,Very good,34,6
No,Travels rarely,Master's Degree,Married,No,Good,35,3
No,Travels rarely,Bachelor’s Degree,Married,No,Very good,30,2
No,Travels frequently,Technical Education,Married,No,Very good,40,8
No,Travels rarely,Technical Education,Married,No,Very good,34,3
No,Travels frequently,Bachelor’s Degree,Divorced,No,Good,42,24
Yes,Travels rarely,Bachelor’s Degree,Married,Yes,Very good,23,0
No,Does not travel,Bachelor’s Degree,Divorced,No,Very good,24,1
No,Travels rarely,Master's Degree,Married,No,Very good,52,5
No,Travels rarely,Bachelor’s Degree,Married,No,Very good,50,4
Yes,Travels rarely,Technical Education,Married,Yes,Very good,29,1
No,Travels rarely,Bachelor’s Degree,Married,No,Excellent,33,13
Yes,Travels rarely,Bachelor’s Degree,Single,No,Very good,33,3
No,Travels rarely,Technical Education,Married,Yes,Good,47,26
No,Travels rarely,Bachelor’s Degree,Married,No,Very good,36,9
No,Travels rarely,Technical Education,Married,No,Very good,29,10
Yes,Travels rarely,Master's Degree,Single,Yes,Very good,58,31
No,Travels rarely,Master's Degree,Single,No,Very good,35,2
No,Travels rarely,Technical Education,Married,Yes,Very good,42,4
Yes,Travels rarely,Master's Degree,Single,No,Good,28,2
No,Travels rarely,Bachelor’s Degree,Married,No,Very good,36,5
No,Travels rarely,Bachelor’s Degree,Married,No,Very good,32,14
No,Travels frequently,Master's Degree,Single,No,Very good,40,1
No,Travels rarely,Bachelor’s Degree,Single,Yes,Good,30,0
No,Travels rarely,Bachelor’s Degree,Single,No,Very good,45,1
No,Travels rarely,Bachelor’s Degree,Married,No,Good,42,9
No,Travels frequently,Bachelor’s Degree,Divorced,No,Good,38,4
No,Travels frequently,Master's Degree,Single,No,Very good,34,5
Yes,Travels rarely,Bachelor’s Degree,Married,No,Excellent,49,9
Yes,Travels rarely,High School,Single,No,Good,55,9
No,Travels rarely,Technical Education,Married,No,Very good,43,4
No,Travels rarely,High School,Divorced,Yes,Very good,27,9
No,Travels rarely,Bachelor’s Degree,Single,No,Excellent,35,8
No,Travels rarely,Master's Degree,Married,Yes,Very good,28,8
No,Travels rarely,Technical Education,Married,No,Poor,34,3
Yes,Travels frequently,Technical Education,Married,Yes,Very good,26,8
No,Does not travel,Bachelor’s Degree,Married,No,Good,27,0
No,Travels rarely,Master's Degree,Married,No,Good,51,20
No,Travels rarely,Bachelor’s Degree,Single,No,Good,44,5
No,Travels rarely,High School,Single,No,Good,25,4
No,Travels rarely,Bachelor’s Degree,Divorced,No,Very good,33,9
No,Travels rarely,High School,Single,No,Good,35,6
No,Travels rarely,Technical Education,Married,Yes,Good,36,18
No,Travels rarely,Master's Degree,Divorced,No,Good,32,5
No,Travels frequently,Master's Degree,Divorced,No,Good,30,5
No,Travels rarely,Technical Education,Married,Yes,Very good,53,5
No,Travels rarely,Bachelor’s Degree,Divorced,Yes,Very good,45,5
No,Travels rarely,Technical Education,Married,No,Good,32,5
No,Travels frequently,Master's Degree,Married,No,Very good,52,9
No,Travels rarely,Master's Degree,Divorced,No,Very good,37,1
No,Travels rarely,Technical Education,Divorced,No,Very good,28,5
No,Travels rarely,Technical Education,Married,No,Poor,22,2
No,Travels rarely,Master's Degree,Married,Yes,Good,44,3
No,Travels frequently,High School,Single,Yes,Very good,42,2
No,Travels rarely,Bachelor’s Degree,Married,No,Very good,36,5
No,Travels rarely,High School,Married,Yes,Very good,25,5
No,Travels rarely,Bachelor’s Degree,Married,Yes,Very good,35,17
Yes,Travels frequently,Master's Degree,Divorced,Yes,Good,35,10
No,Does not travel,Bachelor’s Degree,Divorced,No,Very good,32,3
No,Travels rarely,High School,Married,No,Excellent,25,5
No,Travels rarely,Bachelor’s Degree,Married,No,Very good,49,4
No,Does not travel,High School,Married,No,Good,24,5
No,Travels frequently,Technical Education,Married,No,Very good,32,10
No,Travels rarely,Bachelor’s Degree,Married,No,Very good,38,2
No,Travels rarely,Bachelor’s Degree,Married,Yes,Good,42,5
No,Travels rarely,Master's Degree,Married,Yes,Very good,31,6
Yes,Travels rarely,Bachelor’s Degree,Divorced,Yes,Very good,29,3
No,Travels rarely,Bachelor’s Degree,Married,No,Very good,53,2
No,Travels rarely,Bachelor’s Degree,Married,No,Very good,35,13
No,Travels frequently,Technical Education,Married,No,Very good,37,5
No,Travels rarely,Master's Degree,Single,No,Very good,53,12
No,Travels frequently,Bachelor’s Degree,Married,No,Good,43,5
No,Travels rarely,Technical Education,Married,Yes,Very good,47,7
No,Does not travel,Technical Education,Single,Yes,Very good,37,10
No,Does not travel,Master's Degree,Divorced,No,Very good,50,31
No,Travels rarely,Bachelor’s Degree,Married,No,Very good,39,5
No,Travels rarely,Technical Education,Divorced,Yes,Excellent,33,4
Yes,Travels rarely,Master's Degree,Single,Yes,Poor,32,1
No,Travels rarely,High School,Divorced,No,Very good,29,4
No,Travels rarely,Technical Education,Married,Yes,Very good,44,8
No,Travels rarely,Master's Degree,Single,No,Very good,28,4
Yes,Travels frequently,High School,Divorced,Yes,Good,58,1
No,Travels rarely,Bachelor’s Degree,Divorced,No,Excellent,43,1
Yes,Travels rarely,Bachelor’s Degree,Single,No,Good,20,2
Yes,Travels rarely,High School,Single,No,Good,21,1
No,Travels rarely,High School,Married,Yes,Good,36,16
No,Travels rarely,Master's Degree,Single,Yes,Good,47,3
Yes,Travels rarely,High School,Married,Yes,Excellent,22,3
Yes,Travels rarely,Master's Degree,Divorced,Yes,Good,41,7
No,Travels rarely,Bachelor’s Degree,Divorced,No,Very good,28,2
Yes,Travels rarely,Bachelor’s Degree,Married,Yes,Poor,39,2
No,Travels rarely,Bachelor’s Degree,Single,No,Very good,27,1
No,Travels rarely,Bachelor’s Degree,Divorced,No,Very good,34,1
No,Travels rarely,Technical Education,Single,No,Very good,42,5
No,Travels rarely,Master's Degree,Single,Yes,Very good,33,3
No,Travels rarely,Bachelor’s Degree,Divorced,Yes,Very good,58,6
No,Travels rarely,Master's Degree,Married,No,Excellent,31,7
No,Travels rarely,High School,Married,Yes,Poor,35,10
No,Travels rarely,Technical Education,Married,No,Good,49,26
No,Travels rarely,Master's Degree,Married,No,Good,48,0
No,Does not travel,Technical Education,Married,No,Good,31,9
No,Travels rarely,Master's Degree,Single,No,Very good,36,6
No,Travels rarely,Bachelor’s Degree,Married,No,Very good,38,15
No,Does not travel,Bachelor’s Degree,Married,No,Very good,32,3
Yes,Travels rarely,Technical Education,Married,Yes,Very good,25,1
No,Travels rarely,Master's Degree,Divorced,No,Good,40,1
No,Travels frequently,Bachelor’s Degree,Single,No,Very good,26,7
No,Travels rarely,Bachelor’s Degree,Single,Yes,Very good,41,18
No,Travels rarely,Master's Degree,Single,No,Very good,36,11
Yes,Travels rarely,Bachelor’s Degree,Single,Yes,Excellent,19,1
Yes,Travels rarely,Bachelor’s Degree,Single,No,Very good,20,1
No,Travels rarely,Bachelor’s Degree,Married,Yes,Poor,31,9
No,Travels frequently,Master's Degree,Divorced,Yes,Very good,40,1
No,Travels rarely,Master's Degree,Married,No,Excellent,32,8
Yes,Travels rarely,High School,Married,Yes,Very good,36,16
No,Travels rarely,Bachelor’s Degree,Single,No,Very good,33,5
Yes,Travels rarely,Master's Degree,Married,No,Poor,37,14
No,Does not travel,Technical Education,Married,No,Good,45,9
No,Travels frequently,Bachelor’s Degree,Married,No,Very good,29,3
No,Travels rarely,Bachelor’s Degree,Married,No,Very good,35,5
No,Travels rarely,Technical Education,Married,No,Good,52,9
Yes,Travels rarely,Bachelor’s Degree,Single,No,Very good,58,1
No,Travels rarely,Technical Education,Divorced,No,Excellent,53,17
No,Travels rarely,Technical Education,Divorced,No,Excellent,30,8
No,Does not travel,Bachelor’s Degree,Single,Yes,Very good,38,5
No,Travels rarely,Master's Degree,Divorced,No,Very good,35,10
No,Travels rarely,PhD,Single,No,Very good,39,8
Yes,Does not travel,Bachelor’s Degree,Single,Yes,Good,40,1
No,Travels frequently,Master's Degree,Divorced,Yes,Excellent,47,19
No,Does not travel,Master's Degree,Divorced,No,Very good,36,7
Yes,Does not travel,Technical Education,Single,Yes,Very good,31,3
No,Does not travel,Bachelor’s Degree,Single,No,Very good,33,10
Yes,Travels rarely,Bachelor’s Degree,Single,Yes,Very good,29,0
No,Travels rarely,High School,Single,No,Very good,33,3
No,Travels rarely,Master's Degree,Divorced,No,Very good,45,5
No,Travels rarely,Technical Education,Divorced,No,Good,50,5
No,Travels frequently,Master's Degree,Married,Yes,Very good,33,6
No,Travels frequently,Bachelor’s Degree,Divorced,No,Excellent,41,18
No,Travels rarely,Master's Degree,Married,No,Very good,27,2
No,Does not travel,Technical Education,Married,Yes,Very good,45,9
No,Travels rarely,Technical Education,Single,Yes,Very good,47,9
Yes,Travels rarely,Bachelor’s Degree,Married,Yes,Very good,30,5
No,Travels rarely,Bachelor’s Degree,Married,Yes,Very good,50,12
No,Travels frequently,High School,Married,No,Good,38,2
No,Travels rarely,Technical Education,Divorced,No,Very good,46,8
No,Travels rarely,High School,Divorced,No,Very good,24,4
Yes,Travels rarely,Master's Degree,Divorced,Yes,Poor,35,4
No,Travels frequently,High School,Married,No,Very good,31,4
No,Does not travel,Technical Education,Single,No,Very good,18,0
No,Travels rarely,Bachelor’s Degree,Married,No,Very good,54,10
No,Travels rarely,Master's Degree,Divorced,Yes,Good,35,16
No,Travels rarely,Technical Education,Married,Yes,Good,30,8
Yes,Travels rarely,Bachelor’s Degree,Single,Yes,Very good,20,1
Yes,Travels frequently,Bachelor’s Degree,Single,No,Very good,30,3
No,Travels rarely,Technical Education,Married,No,Very good,26,8
No,Travels rarely,High School,Married,No,Good,22,4
No,Travels rarely,Bachelor’s Degree,Single,No,Very good,48,2
No,Travels rarely,Master's Degree,Single,No,Very good,48,15
No,Travels rarely,Technical Education,Single,No,Very good,41,2
No,Travels rarely,High School,Married,No,Very good,39,21
No,Travels rarely,Master's Degree,Married,No,Very good,27,3
No,Travels rarely,Bachelor’s Degree,Divorced,No,Good,35,3
No,Travels rarely,Technical Education,Married,No,Excellent,42,1
No,Travels rarely,Bachelor’s Degree,Married,No,Very good,50,1
No,Travels rarely,Bachelor’s Degree,Single,Yes,Very good,59,5
Yes,Travels rarely,Technical Education,Married,No,Poor,37,1
No,Travels frequently,Master's Degree,Married,Yes,Very good,55,8
No,Does not travel,High School,Divorced,No,Very good,41,21
No,Travels rarely,Master's Degree,Single,Yes,Very good,38,1
Yes,Does not travel,Technical Education,Single,No,Very good,26,2
Yes,Travels rarely,High School,Married,No,Very good,52,32
No,Travels rarely,Bachelor’s Degree,Married,Yes,Very good,44,12
No,Does not travel,Bachelor’s Degree,Married,No,Very good,50,18
Yes,Travels rarely,Master's Degree,Single,No,Very good,36,17
No,Travels frequently,Bachelor’s Degree,Single,Yes,Very good,39,21
No,Does not travel,High School,Single,No,Good,33,2
No,Travels rarely,Technical Education,Married,No,Excellent,45,9
No,Does not travel,Master's Degree,Single,No,Very good,32,8
No,Travels rarely,Master's Degree,Divorced,No,Good,34,15
No,Travels rarely,Technical Education,Married,Yes,Poor,59,6
No,Travels rarely,Master's Degree,Single,No,Very good,45,6
No,Travels frequently,Bachelor’s Degree,Married,No,Very good,53,15
Yes,Travels rarely,Bachelor’s Degree,Divorced,No,Good,36,1
Yes,Travels frequently,Bachelor’s Degree,Married,Yes,Very good,26,3
No,Travels rarely,Master's Degree,Married,Yes,Very good,34,1
No,Travels rarely,High School,Married,No,Very good,28,1
No,Travels frequently,Master's Degree,Married,No,Very good,38,2
No,Travels rarely,Master's Degree,Married,Yes,Good,50,8
No,Travels rarely,Bachelor’s Degree,Single,No,Good,37,4
No,Travels rarely,Bachelor’s Degree,Married,No,Good,40,7
No,Travels frequently,High School,Divorced,No,Very good,26,5
No,Travels rarely,Master's Degree,Divorced,No,Very good,46,2
No,Travels rarely,Master's Degree,Married,No,Very good,54,9
No,Travels frequently,Bachelor’s Degree,Married,No,Very good,56,5
No,Travels rarely,PhD,Single,No,Good,36,14
No,Does not travel,High School,Single,No,Excellent,55,9
No,Travels rarely,Bachelor’s Degree,Divorced,No,Very good,43,1
Yes,Travels frequently,Bachelor’s Degree,Single,Yes,Very good,20,2
Yes,Travels rarely,Bachelor’s Degree,Single,No,Good,21,1
No,Travels rarely,Master's Degree,Divorced,Yes,Very good,46,16
Yes,Travels rarely,Master's Degree,Married,Yes,Excellent,51,10
Yes,Does not travel,Technical Education,Single,No,Good,28,10
No,Travels rarely,Technical Education,Married,No,Very good,26,5
No,Travels rarely,Bachelor’s Degree,Married,No,Good,30,6
No,Travels rarely,Technical Education,Married,No,Very good,41,10
No,Travels rarely,High School,Married,No,Good,38,19
No,Travels rarely,Master's Degree,Married,No,Very good,40,11
No,Does not travel,PhD,Married,No,Very good,27,3
No,Travels frequently,High School,Married,No,Very good,55,3
No,Travels rarely,Bachelor’s Degree,Single,No,Excellent,28,8
Yes,Travels rarely,Technical Education,Married,No,Very good,44,20
No,Travels rarely,Bachelor’s Degree,Divorced,No,Very good,33,3
Yes,Travels rarely,Bachelor’s Degree,Single,Yes,Very good,35,8
Yes,Travels frequently,Master's Degree,Single,No,Very good,33,13
No,Travels rarely,Technical Education,Divorced,No,Good,28,4
No,Travels frequently,High School,Single,No,Good,34,6
No,Travels rarely,Master's Degree,Divorced,Yes,Very good,37,1
Yes,Travels rarely,High School,Married,Yes,Excellent,25,7
Yes,Travels rarely,Bachelor’s Degree,Divorced,No,Good,26,1
Yes,Travels rarely,Bachelor’s Degree,Single,Yes,Very good,33,2
No,Travels rarely,Technical Education,Married,No,Very good,42,22
Yes,Travels frequently,Bachelor’s Degree,Divorced,No,Very good,28,1
Yes,Travels frequently,Master's Degree,Single,Yes,Very good,50,0
No,Travels frequently,Bachelor’s Degree,Married,No,Very good,33,3
No,Does not travel,Master's Degree,Married,No,Very good,34,0
No,Does not travel,Master's Degree,Single,No,Good,48,5
No,Does not travel,Master's Degree,Married,No,Very good,45,15
No,Travels rarely,Master's Degree,Single,No,Very good,52,8
No,Travels rarely,Master's Degree,Divorced,Yes,Very good,38,8
No,Travels rarely,Master's Degree,Divorced,No,Very good,29,7
No,Travels rarely,Bachelor’s Degree,Divorced,No,Good,28,9
No,Travels rarely,High School,Married,No,Very good,46,12
No,Travels rarely,Technical Education,Single,No,Very good,38,1
No,Travels frequently,Bachelor’s Degree,Married,No,Very good,43,8
Yes,Travels frequently,Bachelor’s Degree,Divorced,No,Very good,39,18
No,Travels rarely,Bachelor’s Degree,Single,No,Excellent,40,20
No,Travels rarely,High School,Single,Yes,Excellent,21,2
No,Does not travel,Bachelor’s Degree,Single,No,Good,39,5
No,Does not travel,Master's Degree,Single,No,Very good,36,11
No,Travels frequently,Bachelor’s Degree,Married,No,Very good,31,2
No,Travels rarely,High School,Married,No,Poor,28,5
No,Travels frequently,Technical Education,Divorced,No,Very good,35,5
No,Travels rarely,Master's Degree,Married,No,Very good,49,9
No,Travels frequently,Technical Education,Single,No,Good,34,3
No,Travels frequently,Bachelor’s Degree,Divorced,No,Good,29,7
No,Travels rarely,Bachelor’s Degree,Single,No,Very good,42,1
No,Travels rarely,High School,Married,Yes,Good,29,10
No,Travels rarely,Bachelor’s Degree,Married,No,Excellent,38,7
No,Travels frequently,Bachelor’s Degree,Divorced,Yes,Very good,28,3
Yes,Does not travel,High School,Single,No,Very good,18,0
Yes,Travels rarely,Master's Degree,Single,Yes,Very good,33,5
No,Travels rarely,Master's Degree,Married,Yes,Very good,41,1
Yes,Travels frequently,Bachelor’s Degree,Married,No,Good,31,2
No,Travels rarely,Technical Education,Divorced,No,Very good,37,6
No,Travels rarely,Bachelor’s Degree,Married,No,Very good,27,4
No,Travels rarely,High School,Married,No,Good,34,6
No,Travels rarely,Master's Degree,Single,No,Poor,35,5
Yes,Travels rarely,High School,Married,No,Poor,29,11
No,Travels frequently,Master's Degree,Single,No,Good,40,18
Yes,Travels frequently,Bachelor’s Degree,Single,Yes,Good,42,21
No,Travels rarely,Master's Degree,Single,No,Excellent,42,6
No,Travels rarely,Master's Degree,Married,No,Very good,35,8
No,Travels rarely,Bachelor’s Degree,Single,No,Very good,24,4
Yes,Travels rarely,High School,Married,Yes,Good,28,1
No,Travels rarely,Master's Degree,Married,No,Very good,26,8
No,Travels rarely,Bachelor’s Degree,Married,No,Very good,30,10
No,Travels frequently,Technical Education,Married,Yes,Poor,40,1
No,Travels rarely,Bachelor’s Degree,Divorced,No,Excellent,35,7
No,Travels frequently,Bachelor’s Degree,Single,No,Very good,34,13
No,Travels frequently,Master's Degree,Married,No,Excellent,35,2
Yes,Travels rarely,Bachelor’s Degree,Single,No,Good,43,4
No,Does not travel,High School,Divorced,No,Very good,32,1
No,Travels rarely,Master's Degree,Divorced,No,Very good,56,5
No,Travels rarely,High School,Married,No,Very good,29,10
No,Travels rarely,Technical Education,Single,No,Very good,19,1
No,Travels rarely,Bachelor’s Degree,Married,Yes,Good,45,3
No,Travels rarely,Bachelor’s Degree,Married,No,Good,37,14
No,Travels rarely,Bachelor’s Degree,Single,No,Good,20,2
Yes,Travels rarely,Master's Degree,Single,Yes,Very good,44,6
No,Travels rarely,Technical Education,Divorced,No,Very good,53,7
No,Travels rarely,High School,Married,Yes,Good,29,5
Yes,Travels frequently,Master's Degree,Married,Yes,Very good,22,0
No,Travels rarely,Bachelor’s Degree,Married,No,Very good,46,26
No,Does not travel,Bachelor’s Degree,Single,No,Very good,44,0
No,Travels rarely,Bachelor’s Degree,Married,No,Very good,33,5
Yes,Does not travel,Technical Education,Divorced,No,Poor,41,1
No,Travels rarely,Master's Degree,Divorced,No,Very good,30,4
No,Travels frequently,Master's Degree,Married,No,Very good,40,0
No,Travels frequently,Bachelor’s Degree,Married,No,Very good,50,2
No,Travels rarely,Master's Degree,Married,No,Very good,28,6
No,Travels rarely,Technical Education,Married,No,Very good,46,4
No,Travels rarely,Master's Degree,Married,Yes,Very good,35,7
Yes,Travels rarely,Technical Education,Married,No,Poor,24,1
No,Travels frequently,Bachelor’s Degree,Married,No,Good,33,10
No,Travels rarely,Master's Degree,Divorced,No,Very good,36,7
No,Travels rarely,Master's Degree,Divorced,No,Good,30,10
No,Travels rarely,Master's Degree,Single,No,Very good,44,20
No,Travels rarely,Bachelor’s Degree,Single,No,Very good,20,2
No,Travels rarely,Master's Degree,Divorced,No,Good,46,6
No,Does not travel,PhD,Married,No,Excellent,42,4
No,Travels rarely,Master's Degree,Divorced,Yes,Very good,60,11
No,Travels frequently,Bachelor’s Degree,Married,No,Very good,32,2
No,Travels frequently,Technical Education,Single,Yes,Very good,32,8
No,Travels rarely,Bachelor’s Degree,Divorced,Yes,Very good,36,7
No,Travels rarely,Bachelor’s Degree,Married,No,Very good,33,14
No,Travels rarely,Bachelor’s Degree,Divorced,No,Excellent,40,5
No,Travels rarely,Master's Degree,Single,No,Very good,25,4
No,Travels rarely,Bachelor’s Degree,Married,Yes,Very good,30,11
No,Travels frequently,PhD,Married,Yes,Very good,42,1
No,Does not travel,Technical Education,Married,Yes,Good,35,13
No,Travels rarely,Bachelor’s Degree,Married,Yes,Good,27,9
No,Travels frequently,Master's Degree,Divorced,No,Poor,54,5
No,Travels rarely,High School,Married,No,Very good,44,10
Yes,Does not travel,Bachelor’s Degree,Single,Yes,Excellent,19,1
No,Travels rarely,Bachelor’s Degree,Divorced,No,Very good,29,3
No,Travels rarely,Bachelor’s Degree,Married,No,Very good,54,10
No,Travels rarely,Technical Education,Married,Yes,Good,31,6
No,Travels rarely,Bachelor’s Degree,Single,No,Very good,31,10
No,Travels rarely,Bachelor’s Degree,Single,No,Very good,59,6
No,Travels rarely,Bachelor’s Degree,Married,No,Very good,43,8
No,Travels rarely,Technical Education,Married,No,Excellent,49,1
No,Travels frequently,Bachelor’s Degree,Married,No,Good,36,11
No,Travels rarely,Technical Education,Single,No,Good,48,1
No,Travels rarely,Technical Education,Divorced,No,Very good,27,5
No,Travels rarely,Bachelor’s Degree,Divorced,Yes,Very good,29,6
No,Travels rarely,Bachelor’s Degree,Single,No,Excellent,48,1
No,Travels rarely,Bachelor’s Degree,Divorced,No,Good,29,7
No,Travels rarely,Bachelor’s Degree,Married,No,Good,34,1
No,Travels rarely,Bachelor’s Degree,Married,No,Very good,44,22
No,Travels rarely,PhD,Divorced,Yes,Very good,33,9
No,Travels rarely,Bachelor’s Degree,Single,Yes,Very good,19,1
No,Travels rarely,Technical Education,Married,No,Very good,23,1
Yes,Travels frequently,High School,Single,Yes,Very good,25,1
No,Travels rarely,Technical Education,Single,Yes,Good,26,8
Yes,Travels rarely,Bachelor’s Degree,Single,Yes,Very good,45,24
No,Does not travel,High School,Divorced,Yes,Very good,55,33
Yes,Travels frequently,Technical Education,Single,No,Poor,21,2
No,Travels rarely,Technical Education,Married,No,Very good,46,11
No,Travels rarely,Bachelor’s Degree,Single,Yes,Very good,34,3
No,Travels frequently,Bachelor’s Degree,Divorced,Yes,Good,51,29
No,Travels rarely,Master's Degree,Single,No,Good,59,9
No,Travels frequently,Bachelor’s Degree,Divorced,No,Excellent,34,11
No,Travels frequently,Master's Degree,Single,Yes,Good,28,4
No,Travels rarely,Technical Education,Divorced,No,Good,44,25
No,Travels frequently,Bachelor’s Degree,Married,No,Excellent,34,10
No,Travels rarely,High School,Married,Yes,Very good,35,3
No,Travels rarely,Master's Degree,Married,Yes,Very good,42,1
No,Travels rarely,Master's Degree,Single,No,Excellent,43,21
No,Travels rarely,Master's Degree,Single,Yes,Very good,36,16
Yes,Travels rarely,Bachelor’s Degree,Married,No,Very good,44,10
No,Travels frequently,Bachelor’s Degree,Married,Yes,Very good,28,2
No,Travels frequently,Technical Education,Single,No,Good,51,7
No,Does not travel,Technical Education,Single,Yes,Very good,30,8
Yes,Travels rarely,Bachelor’s Degree,Divorced,Yes,Very good,29,7
No,Travels rarely,Bachelor’s Degree,Single,No,Good,28,3
No,Travels rarely,Bachelor’s Degree,Single,No,Good,25,2
No,Travels rarely,Bachelor’s Degree,Married,No,Excellent,32,10
No,Travels frequently,Bachelor’s Degree,Single,No,Very good,45,0
No,Travels rarely,Master's Degree,Divorced,Yes,Very good,39,19
No,Travels rarely,Master's Degree,Divorced,No,Very good,58,2
Yes,Travels rarely,Technical Education,Married,No,Very good,32,10
Yes,Travels rarely,Bachelor’s Degree,Single,No,Very good,39,5
No,Travels rarely,Bachelor’s Degree,Married,No,Very good,30,9
No,Travels rarely,Master's Degree,Married,No,Very good,36,7
No,Travels rarely,Technical Education,Single,No,Excellent,46,7
No,Does not travel,Bachelor’s Degree,Married,No,Very good,28,9
No,Travels rarely,Bachelor’s Degree,Married,Yes,Very good,50,3
Yes,Travels rarely,Master's Degree,Single,Yes,Very good,40,5
Yes,Travels rarely,Bachelor’s Degree,Single,Yes,Good,52,8
No,Travels rarely,Master's Degree,Married,Yes,Very good,30,9
No,Travels rarely,Technical Education,Single,No,Very good,39,8
No,Does not travel,Master's Degree,Divorced,Yes,Good,31,10
No,Does not travel,Technical Education,Single,No,Very good,41,19
Yes,Travels frequently,Bachelor’s Degree,Single,Yes,Excellent,31,3
Yes,Travels rarely,Bachelor’s Degree,Married,No,Excellent,44,3
No,Does not travel,High School,Married,Yes,Good,42,20
No,Travels rarely,Technical Education,Married,No,Very good,55,19
No,Travels rarely,Master's Degree,Single,No,Very good,56,7
No,Does not travel,Technical Education,Divorced,No,Very good,40,4
No,Travels rarely,Bachelor’s Degree,Divorced,No,Good,34,9
No,Travels rarely,Bachelor’s Degree,Single,No,Very good,40,9
No,Travels frequently,Bachelor’s Degree,Divorced,No,Very good,41,9
No,Travels frequently,Master's Degree,Single,Yes,Very good,35,9
No,Travels rarely,Bachelor’s Degree,Divorced,Yes,Very good,51,33
No,Travels rarely,Technical Education,Divorced,No,Very good,38,7
No,Travels rarely,Technical Education,Single,No,Excellent,34,10
No,Travels rarely,High School,Married,No,Good,25,3
Yes,Travels rarely,Master's Degree,Married,Yes,Good,58,10
No,Travels rarely,Master's Degree,Married,No,Very good,40,4
No,Travels frequently,Bachelor’s Degree,Married,No,Good,36,15
No,Travels rarely,Bachelor’s Degree,Single,No,Very good,48,10
No,Travels rarely,Bachelor’s Degree,Married,No,Very good,27,1
No,Travels rarely,Technical Education,Single,No,Good,51,5
No,Does not travel,Bachelor’s Degree,Single,No,Excellent,18,0
No,Travels rarely,Bachelor’s Degree,Married,No,Very good,35,9
No,Travels frequently,High School,Single,No,Very good,27,6
Yes,Travels rarely,Master's Degree,Single,Yes,Good,55,19
No,Travels rarely,Bachelor’s Degree,Married,Yes,Very good,56,19
No,Does not travel,High School,Divorced,No,Very good,34,5
No,Travels rarely,High School,Divorced,No,Very good,40,12
No,Travels rarely,Bachelor’s Degree,Married,No,Very good,34,8
Yes,Travels frequently,Bachelor’s Degree,Single,No,Excellent,31,1
Yes,Travels frequently,Master's Degree,Married,Yes,Good,35,4
No,Travels frequently,Bachelor’s Degree,Divorced,No,Very good,38,4
No,Travels rarely,Master's Degree,Single,No,Excellent,34,14
No,Travels rarely,Bachelor’s Degree,Married,No,Very good,28,5
Yes,Travels rarely,Master's Degree,Married,Yes,Good,31,10
No,Travels rarely,Master's Degree,Married,Yes,Excellent,39,5
No,Travels frequently,Bachelor’s Degree,Married,No,Very good,51,4
No,Travels frequently,Bachelor’s Degree,Divorced,Yes,Good,41,6
No,Travels rarely,High School,Married,Yes,Very good,37,6
No,Travels frequently,High School,Married,No,Excellent,33,5
No,Travels rarely,High School,Married,Yes,Good,32,3
No,Does not travel,Technical Education,Married,No,Very good,39,6
No,Travels rarely,High School,Married,No,Good,25,3
No,Travels frequently,Technical Education,Married,Yes,Good,52,5
No,Travels rarely,Bachelor’s Degree,Single,Yes,Poor,43,20
No,Travels rarely,Bachelor’s Degree,Married,Yes,Very good,27,6
Yes,Travels rarely,Master's Degree,Single,Yes,Very good,27,8
No,Travels rarely,High School,Single,No,Very good,26,4
No,Travels rarely,Bachelor’s Degree,Married,No,Very good,42,20
No,Travels rarely,Master's Degree,Married,No,Poor,52,5
No,Travels rarely,Bachelor’s Degree,Single,No,Very good,37,3
No,Travels frequently,Technical Education,Single,No,Very good,35,2
No,Travels rarely,Bachelor’s Degree,Married,No,Good,25,3
No,Travels rarely,Bachelor’s Degree,Single,No,Very good,26,7
No,Travels rarely,Bachelor’s Degree,Single,No,Good,29,10
Yes,Travels frequently,Technical Education,Single,No,Very good,49,4
Yes,Travels frequently,High School,Single,Yes,Very good,29,8
No,Travels rarely,Bachelor’s Degree,Single,No,Good,54,20
No,Travels rarely,Bachelor’s Degree,Married,Yes,Very good,58,9
No,Travels rarely,Master's Degree,Divorced,No,Excellent,55,7
No,Travels rarely,Master's Degree,Single,Yes,Very good,36,5
Yes,Travels frequently,Master's Degree,Single,No,Very good,31,1
No,Travels rarely,Master's Degree,Divorced,No,Very good,30,3
No,Travels rarely,PhD,Single,No,Excellent,31,3
No,Travels frequently,Master's Degree,Divorced,No,Very good,34,4
Yes,Travels rarely,Bachelor’s Degree,Single,No,Excellent,31,1
No,Travels rarely,High School,Married,No,Excellent,27,5
No,Travels rarely,Master's Degree,Single,No,Good,36,10
No,Travels rarely,Master's Degree,Married,No,Good,36,3
No,Travels rarely,Bachelor’s Degree,Married,No,Good,47,6
Yes,Travels rarely,Technical Education,Married,No,Very good,25,3
No,Does not travel,Technical Education,Single,No,Poor,37,6
No,Travels rarely,Technical Education,Married,No,Excellent,56,3
No,Travels rarely,Master's Degree,Married,No,Excellent,47,20
No,Travels rarely,High School,Married,Yes,Very good,24,5
No,Travels rarely,PhD,Married,No,Good,32,4
No,Travels rarely,Bachelor’s Degree,Married,No,Good,34,5
No,Travels rarely,PhD,Married,Yes,Good,41,4
No,Does not travel,Master's Degree,Divorced,No,Excellent,40,8
No,Travels rarely,Technical Education,Divorced,No,Very good,31,13
Yes,Travels rarely,Bachelor’s Degree,Divorced,No,Excellent,46,7
Yes,Does not travel,Bachelor’s Degree,Single,Yes,Excellent,39,1
Yes,Travels frequently,PhD,Single,No,Very good,31,10
No,Travels rarely,Bachelor’s Degree,Divorced,Yes,Very good,45,7
No,Travels rarely,Technical Education,Single,No,Very good,31,3
Yes,Travels frequently,Bachelor’s Degree,Married,Yes,Poor,31,2
No,Travels rarely,Bachelor’s Degree,Married,Yes,Excellent,45,3
No,Travels rarely,Bachelor’s Degree,Divorced,No,Very good,48,2
Yes,Travels rarely,Master's Degree,Married,No,Very good,34,2
No,Does not travel,High School,Divorced,No,Very good,40,9
No,Travels rarely,Bachelor’s Degree,Single,No,Very good,28,5
No,Does not travel,Bachelor’s Degree,Single,No,Very good,44,5
No,Travels rarely,Bachelor’s Degree,Single,No,Good,53,9
No,Travels rarely,Master's Degree,Married,No,Good,49,3
No,Travels rarely,Bachelor’s Degree,Divorced,No,Excellent,40,3
No,Travels rarely,Bachelor’s Degree,Single,No,Good,44,5
No,Travels frequently,Bachelor’s Degree,Married,No,Very good,33,4
No,Travels rarely,Bachelor’s Degree,Single,No,Very good,34,13
No,Travels rarely,High School,Married,No,Good,30,2
No,Travels frequently,Technical Education,Single,No,Very good,42,12
No,Travels frequently,PhD,Married,No,Good,44,1
No,Does not travel,Bachelor’s Degree,Divorced,No,Good,30,1
No,Travels rarely,Technical Education,Married,No,Good,57,12
No,Travels rarely,Master's Degree,Divorced,No,Very good,49,8
No,Travels frequently,Bachelor’s Degree,Divorced,No,Good,34,14
Yes,Travels frequently,Bachelor’s Degree,Married,No,Excellent,28,3
Yes,Travels frequently,Bachelor’s Degree,Single,No,Poor,29,5
Yes,Travels rarely,Master's Degree,Single,Yes,Excellent,34,15
No,Travels rarely,High School,Married,No,Very good,35,1
Yes,Travels frequently,Bachelor’s Degree,Single,Yes,Good,24,0
No,Does not travel,Technical Education,Married,No,Very good,24,1
No,Travels frequently,High School,Single,Yes,Good,44,2
No,Travels rarely,Bachelor’s Degree,Divorced,No,Very good,29,10
No,Travels rarely,Bachelor’s Degree,Divorced,No,Excellent,30,5
No,Travels rarely,Master's Degree,Married,Yes,Very good,55,3
No,Travels rarely,Master's Degree,Married,No,Very good,33,5
No,Travels rarely,Bachelor’s Degree,Married,Yes,Good,47,5
Yes,Travels frequently,Technical Education,Single,No,Good,28,0
No,Travels rarely,Bachelor’s Degree,Divorced,No,Poor,28,1
No,Travels frequently,Bachelor’s Degree,Single,No,Very good,28,4
No,Travels rarely,Technical Education,Married,No,Very good,49,3
No,Travels frequently,High School,Married,No,Very good,29,3
No,Travels rarely,High School,Married,No,Good,28,8
No,Travels rarely,PhD,Single,Yes,Very good,33,0
No,Travels rarely,Bachelor’s Degree,Single,No,Excellent,32,5
No,Travels frequently,Master's Degree,Divorced,No,Very good,54,14
Yes,Travels rarely,Master's Degree,Single,No,Poor,29,9
No,Travels rarely,Bachelor’s Degree,Married,No,Excellent,44,20
No,Travels rarely,Bachelor’s Degree,Single,No,Very good,39,2
No,Travels rarely,Bachelor’s Degree,Married,No,Excellent,46,13
No,Travels rarely,Bachelor’s Degree,Single,No,Poor,35,11
No,Travels rarely,High School,Single,No,Very good,23,4
Yes,Travels rarely,Master's Degree,Single,No,Poor,40,5
No,Travels rarely,Bachelor’s Degree,Married,Yes,Very good,34,10
Yes,Travels frequently,Bachelor’s Degree,Single,No,Poor,31,7
No,Travels frequently,PhD,Single,Yes,Very good,50,32
No,Travels rarely,Technical Education,Married,Yes,Very good,34,11
No,Travels rarely,Bachelor’s Degree,Married,No,Very good,42,1
No,Travels rarely,Bachelor’s Degree,Married,No,Very good,37,10
No,Travels rarely,High School,Married,No,Very good,29,7
No,Travels rarely,Bachelor’s Degree,Single,No,Very good,33,5
No,Travels rarely,Bachelor’s Degree,Married,No,Very good,45,5
No,Travels frequently,Bachelor’s Degree,Married,Yes,Poor,42,20
No,Travels rarely,Technical Education,Married,No,Excellent,40,8
No,Travels rarely,Master's Degree,Married,Yes,Very good,33,15
No,Travels rarely,Technical Education,Single,Yes,Very good,40,21
No,Travels rarely,Technical Education,Divorced,No,Very good,24,1
No,Does not travel,Technical Education,Divorced,Yes,Very good,40,2
No,Travels rarely,Master's Degree,Divorced,No,Very good,45,10
No,Travels rarely,Master's Degree,Married,No,Very good,35,5
No,Travels rarely,Technical Education,Married,No,Very good,32,7
No,Travels rarely,Master's Degree,Single,Yes,Good,36,3
No,Travels rarely,Master's Degree,Divorced,No,Very good,48,8
No,Travels rarely,Bachelor’s Degree,Married,No,Good,29,1
No,Travels rarely,Master's Degree,Married,No,Poor,33,2
Yes,Travels rarely,Bachelor’s Degree,Married,No,Very good,30,10
No,Travels frequently,Master's Degree,Married,No,Very good,38,6
No,Travels rarely,Bachelor’s Degree,Single,No,Very good,35,3
No,Travels rarely,Master's Degree,Married,No,Very good,30,4
Yes,Travels rarely,Bachelor’s Degree,Divorced,Yes,Very good,35,1
Yes,Travels rarely,PhD,Married,No,Very good,53,33
Yes,Travels rarely,Bachelor’s Degree,Married,No,Very good,38,5
No,Does not travel,Master's Degree,Married,No,Good,32,6
No,Travels rarely,Master's Degree,Married,No,Good,48,8
No,Travels rarely,Master's Degree,Single,No,Poor,34,1
No,Travels rarely,PhD,Married,No,Very good,55,36
No,Travels rarely,Master's Degree,Married,No,Good,34,2
No,Travels rarely,Bachelor’s Degree,Married,No,Very good,26,1
No,Travels rarely,Bachelor’s Degree,Married,No,Very good,38,9
No,Travels rarely,Bachelor’s Degree,Single,No,Excellent,38,3
No,Travels rarely,Master's Degree,Single,No,Very good,36,1
No,Travels rarely,High School,Single,Yes,Very good,29,10
No,Travels rarely,Master's Degree,Single,Yes,Very good,35,5
No,Travels rarely,Bachelor’s Degree,Married,No,Very good,39,7
No,Travels frequently,High School,Divorced,No,Excellent,29,6
No,Travels rarely,Bachelor’s Degree,Married,Yes,Very good,50,1
No,Travels rarely,Bachelor’s Degree,Married,No,Very good,23,2
No,Travels frequently,Master's Degree,Married,Yes,Very good,36,3
No,Travels rarely,Technical Education,Single,No,Very good,42,1
No,Travels rarely,Bachelor’s Degree,Married,No,Good,35,10
No,Travels frequently,Master's Degree,Married,No,Good,34,8
No,Travels rarely,Technical Education,Married,No,Very good,40,5
No,Travels rarely,Bachelor’s Degree,Divorced,No,Very good,43,6
No,Travels rarely,Technical Education,Married,No,Good,35,1
No,Travels rarely,Master's Degree,Single,No,Poor,46,26
Yes,Travels rarely,Bachelor’s Degree,Married,Yes,Very good,28,1
No,Does not travel,Technical Education,Married,Yes,Good,22,4
No,Travels frequently,PhD,Married,Yes,Very good,50,30
No,Travels rarely,Master's Degree,Married,No,Very good,32,3
No,Travels rarely,Bachelor’s Degree,Divorced,Yes,Good,44,22
No,Travels rarely,Bachelor’s Degree,Married,No,Good,30,6
No,Travels rarely,PhD,Single,Yes,Very good,45,10
No,Does not travel,Bachelor’s Degree,Married,No,Very good,45,10
No,Travels frequently,Master's Degree,Single,No,Very good,31,5
No,Travels rarely,Master's Degree,Married,Yes,Very good,36,3
No,Travels frequently,Master's Degree,Divorced,No,Very good,34,9
No,Travels rarely,Master's Degree,Married,No,Good,49,9
No,Travels rarely,PhD,Married,No,Very good,39,7
No,Travels rarely,Bachelor’s Degree,Divorced,No,Very good,27,7
No,Travels rarely,PhD,Married,No,Very good,35,16
No,Travels rarely,Bachelor’s Degree,Divorced,No,Good,28,5
No,Travels rarely,High School,Single,No,Very good,21,2
Yes,Travels frequently,Technical Education,Single,Yes,Excellent,18,0
No,Travels rarely,Master's Degree,Married,No,Very good,47,5
No,Travels rarely,Technical Education,Divorced,No,Very good,39,10
No,Travels rarely,Bachelor’s Degree,Married,No,Very good,40,18
No,Does not travel,Master's Degree,Married,No,Very good,35,14
No,Travels rarely,Bachelor’s Degree,Married,No,Good,37,4
No,Travels frequently,Bachelor’s Degree,Single,No,Poor,39,9
No,Travels rarely,Technical Education,Divorced,No,Very good,45,10
No,Travels rarely,Technical Education,Married,Yes,Excellent,38,5
Yes,Travels rarely,Bachelor’s Degree,Married,No,Very good,35,13
No,Travels rarely,Bachelor’s Degree,Married,No,Poor,37,8
No,Travels rarely,Bachelor’s Degree,Single,Yes,Good,40,4
No,Travels frequently,PhD,Married,Yes,Very good,44,10
No,Travels frequently,PhD,Married,No,Very good,48,2
Yes,Travels rarely,Technical Education,Divorced,Yes,Good,35,2
No,Travels frequently,High School,Single,Yes,Very good,24,6
No,Travels rarely,Bachelor’s Degree,Married,No,Very good,27,3
No,Travels frequently,Bachelor’s Degree,Single,No,Good,27,4
Yes,Travels rarely,Bachelor’s Degree,Single,Yes,Poor,40,4
No,Travels rarely,Bachelor’s Degree,Single,No,Very good,29,5
No,Travels rarely,Master's Degree,Married,No,Very good,36,3
No,Travels frequently,High School,Divorced,No,Very good,25,7
No,Travels rarely,Bachelor’s Degree,Married,No,Very good,39,5
No,Travels rarely,Master's Degree,Married,No,Very good,49,4
No,Travels rarely,PhD,Divorced,No,Very good,50,14
No,Travels rarely,Bachelor’s Degree,Single,No,Very good,20,2
No,Travels rarely,Bachelor’s Degree,Divorced,No,Very good,34,11
No,Travels rarely,Bachelor’s Degree,Single,No,Very good,36,4
No,Travels rarely,High School,Married,Yes,Very good,49,15
No,Does not travel,Master's Degree,Married,No,Very good,36,3
No,Travels rarely,Technical Education,Divorced,No,Very good,36,5
No,Travels rarely,PhD,Married,No,Very good,54,10
No,Travels rarely,Technical Education,Married,No,Very good,43,14
Yes,Travels frequently,Master's Degree,Single,Yes,Excellent,35,11
No,Travels frequently,Bachelor’s Degree,Married,No,Excellent,38,13
No,Travels rarely,Bachelor’s Degree,Divorced,Yes,Good,29,10
No,Travels rarely,Master's Degree,Divorced,No,Very good,33,6
No,Travels rarely,Bachelor’s Degree,Divorced,No,Good,32,9
No,Travels rarely,Master's Degree,Married,No,Very good,31,10
No,Travels rarely,Bachelor’s Degree,Divorced,Yes,Good,49,2
No,Travels frequently,Bachelor’s Degree,Single,No,Very good,38,4
No,Travels rarely,Master's Degree,Divorced,No,Very good,47,3
No,Travels rarely,Bachelor’s Degree,Single,No,Very good,49,8
No,Travels rarely,Technical Education,Single,Yes,Very good,41,2
No,Travels rarely,High School,Single,No,Very good,20,2
No,Does not travel,Bachelor’s Degree,Divorced,Yes,Very good,33,6
No,Travels rarely,Master's Degree,Married,No,Good,36,3
No,Travels rarely,Bachelor’s Degree,Divorced,Yes,Very good,44,2
Yes,Travels rarely,High School,Single,Yes,Very good,23,5
No,Travels rarely,Technical Education,Married,No,Good,38,0
No,Travels rarely,Master's Degree,Married,No,Very good,53,4
Yes,Travels frequently,Technical Education,Married,Yes,Very good,48,9
Yes,Travels rarely,Master's Degree,Single,No,Very good,32,1
No,Does not travel,Bachelor’s Degree,Single,No,Very good,26,7
No,Travels rarely,Bachelor’s Degree,Divorced,No,Very good,55,4
No,Travels rarely,Technical Education,Married,No,Excellent,34,15
No,Travels rarely,Master's Degree,Divorced,No,Excellent,60,1
No,Travels rarely,Bachelor’s Degree,Married,No,Very good,33,14
No,Travels frequently,Master's Degree,Divorced,No,Good,37,6
No,Travels rarely,Bachelor’s Degree,Married,No,Very good,34,10
Yes,Travels rarely,Bachelor’s Degree,Divorced,Yes,Very good,23,3
No,Travels rarely,Bachelor’s Degree,Married,Yes,Very good,44,8
No,Travels frequently,Master's Degree,Single,Yes,Excellent,35,5
No,Travels rarely,Bachelor’s Degree,Married,Yes,Very good,43,10
No,Travels rarely,Bachelor’s Degree,Married,No,Very good,24,5
No,Travels rarely,Bachelor’s Degree,Single,No,Very good,41,10
No,Travels rarely,Master's Degree,Married,No,Very good,29,5
No,Travels rarely,Master's Degree,Single,No,Good,36,13
No,Does not travel,High School,Married,No,Good,45,23
Yes,Travels rarely,High School,Married,No,Very good,24,1
Yes,Travels frequently,Bachelor’s Degree,Married,No,Poor,47,23
No,Travels rarely,Master's Degree,Married,No,Excellent,26,3
No,Travels rarely,Technical Education,Single,No,Very good,45,21
No,Travels frequently,Bachelor’s Degree,Married,No,Good,32,5
No,Travels rarely,Master's Degree,Married,No,Excellent,31,5
No,Does not travel,Bachelor’s Degree,Married,No,Very good,41,3
No,Travels rarely,Technical Education,Married,Yes,Very good,40,1
No,Travels rarely,High School,Divorced,No,Excellent,24,6
No,Travels rarely,Master's Degree,Single,No,Very good,46,10
No,Travels rarely,Master's Degree,Married,No,Very good,35,7
No,Travels rarely,High School,Married,No,Good,30,10
No,Does not travel,Master's Degree,Married,No,Poor,47,1
No,Travels rarely,Bachelor’s Degree,Divorced,Yes,Good,46,10
Yes,Travels rarely,PhD,Divorced,Yes,Very good,36,2
Yes,Travels rarely,Technical Education,Single,No,Very good,32,0
No,Travels rarely,High School,Single,No,Poor,23,3
No,Travels frequently,High School,Single,No,Good,31,5
No,Does not travel,Bachelor’s Degree,Married,Yes,Very good,39,9
No,Travels rarely,Bachelor’s Degree,Married,No,Poor,32,4
No,Travels rarely,Master's Degree,Single,No,Good,40,21
No,Travels rarely,Bachelor’s Degree,Married,No,Excellent,45,5
No,Travels frequently,Master's Degree,Single,No,Very good,30,9
No,Travels frequently,Bachelor’s Degree,Married,No,Very good,24,2
Yes,Travels frequently,Bachelor’s Degree,Divorced,No,Good,30,4
No,Travels rarely,Bachelor’s Degree,Married,No,Very good,31,5
No,Travels rarely,Bachelor’s Degree,Single,No,Good,27,6
Yes,Travels rarely,Bachelor’s Degree,Single,No,Very good,29,2
No,Travels frequently,Bachelor’s Degree,Single,Yes,Excellent,29,3
No,Travels rarely,Technical Education,Divorced,No,Very good,30,7
No,Travels rarely,Master's Degree,Married,Yes,Very good,34,5
No,Does not travel,Bachelor’s Degree,Single,No,Good,33,11
No,Travels rarely,Master's Degree,Single,No,Excellent,49,5
Yes,Travels rarely,Bachelor’s Degree,Single,Yes,Good,33,0
No,Travels frequently,Technical Education,Married,No,Good,38,6
Yes,Travels rarely,Master's Degree,Married,No,Very good,31,1
No,Travels rarely,Bachelor’s Degree,Divorced,No,Very good,29,1
No,Travels rarely,Bachelor’s Degree,Married,No,Very good,30,7
No,Does not travel,Master's Degree,Single,No,Very good,32,7
No,Travels rarely,Bachelor’s Degree,Married,Yes,Very good,38,1
Yes,Travels frequently,Bachelor’s Degree,Married,Yes,Very good,43,1
No,Travels rarely,Bachelor’s Degree,Divorced,No,Good,42,5
No,Travels rarely,Bachelor’s Degree,Married,No,Very good,55,1
No,Does not travel,Bachelor’s Degree,Divorced,No,Good,33,9
No,Travels rarely,Master's Degree,Divorced,No,Very good,41,5
No,Does not travel,Bachelor’s Degree,Divorced,Yes,Very good,34,15
No,Does not travel,Master's Degree,Married,Yes,Good,53,3
No,Travels rarely,Bachelor’s Degree,Single,No,Very good,43,9
No,Travels rarely,Technical Education,Single,No,Very good,34,2
Yes,Travels rarely,High School,Single,No,Very good,21,1
No,Travels rarely,Technical Education,Married,No,Very good,38,5
Yes,Travels rarely,High School,Married,Yes,Very good,22,1
No,Travels rarely,Master's Degree,Married,No,Very good,31,12
No,Travels rarely,Bachelor’s Degree,Married,No,Very good,51,2
No,Travels rarely,Technical Education,Married,No,Very good,37,5
No,Travels rarely,Master's Degree,Divorced,Yes,Very good,46,2
No,Travels rarely,Bachelor’s Degree,Married,Yes,Very good,36,12
Yes,Travels frequently,Technical Education,Divorced,Yes,Good,44,5
No,Travels rarely,Technical Education,Divorced,No,Good,37,10
Yes,Travels rarely,Bachelor’s Degree,Single,Yes,Very good,35,10
No,Travels rarely,Master's Degree,Married,No,Very good,33,10
No,Travels rarely,Bachelor’s Degree,Married,No,Excellent,28,5
No,Travels rarely,High School,Single,No,Very good,39,4
No,Does not travel,Technical Education,Single,No,Very good,46,2
No,Travels rarely,Technical Education,Married,No,Good,40,4
No,Travels rarely,Bachelor’s Degree,Married,No,Good,42,0
No,Does not travel,Technical Education,Divorced,No,Very good,35,7
No,Does not travel,Bachelor’s Degree,Divorced,No,Very good,38,11
Yes,Travels frequently,Master's Degree,Married,No,Good,34,7
Yes,Travels rarely,Master's Degree,Single,No,Poor,37,10
No,Travels frequently,Bachelor’s Degree,Divorced,No,Very good,39,2
No,Does not travel,Bachelor’s Degree,Single,No,Good,43,3
No,Travels rarely,Bachelor’s Degree,Single,No,Poor,41,3
No,Travels rarely,High School,Divorced,Yes,Excellent,41,22
No,Travels rarely,Bachelor’s Degree,Single,No,Very good,30,7
Yes,Travels rarely,Technical Education,Married,Yes,Very good,26,5
Yes,Travels rarely,Technical Education,Married,No,Excellent,46,9
No,Travels rarely,Bachelor’s Degree,Divorced,No,Very good,40,5
No,Travels rarely,Technical Education,Married,No,Very good,34,10
No,Does not travel,Bachelor’s Degree,Divorced,No,Good,58,16
No,Travels rarely,Master's Degree,Married,No,Excellent,35,5
No,Travels rarely,Bachelor’s Degree,Divorced,Yes,Very good,47,22
No,Travels rarely,Bachelor’s Degree,Divorced,No,Very good,40,7
No,Travels rarely,Master's Degree,Married,No,Good,54,7
No,Travels frequently,Master's Degree,Married,No,Very good,31,3
No,Travels rarely,Bachelor’s Degree,Married,No,Very good,28,3
No,Travels rarely,Master's Degree,Married,Yes,Good,38,4
No,Travels rarely,Bachelor’s Degree,Single,No,Very good,26,5
No,Travels frequently,Master's Degree,Married,Yes,Very good,58,2
No,Does not travel,Bachelor’s Degree,Single,No,Poor,18,0
Yes,Travels rarely,PhD,Married,No,Very good,31,1
Yes,Travels rarely,Bachelor’s Degree,Divorced,Yes,Very good,29,2
No,Does not travel,Master's Degree,Married,No,Excellent,45,8
No,Travels rarely,Master's Degree,Married,Yes,Very good,36,1
No,Travels frequently,Master's Degree,Married,No,Very good,43,7
No,Travels frequently,Technical Education,Single,Yes,Good,27,5
No,Travels frequently,High School,Married,No,Excellent,29,11
No,Travels frequently,Master's Degree,Single,No,Excellent,32,0
No,Does not travel,Master's Degree,Married,No,Good,42,6
No,Travels rarely,Master's Degree,Single,No,Very good,47,2
No,Travels rarely,Technical Education,Divorced,No,Good,46,9
No,Does not travel,Technical Education,Divorced,No,Very good,28,3
No,Travels rarely,High School,Divorced,No,Very good,29,7
No,Travels rarely,Bachelor’s Degree,Single,No,Very good,42,0
Yes,Travels rarely,Master's Degree,Single,Yes,Good,32,2
No,Travels rarely,Bachelor’s Degree,Divorced,No,Very good,46,19
No,Travels rarely,High School,Married,No,Very good,27,9
No,Travels rarely,High School,Married,No,Very good,29,1
No,Travels rarely,Bachelor’s Degree,Married,No,Very good,43,16
No,Travels rarely,Bachelor’s Degree,Married,No,Very good,48,22
Yes,Travels frequently,Technical Education,Single,Yes,Good,29,1
Yes,Travels rarely,Bachelor’s Degree,Married,No,Very good,46,8
No,Travels frequently,Bachelor’s Degree,Married,No,Good,27,7
No,Travels rarely,Master's Degree,Divorced,No,Very good,39,2
No,Travels rarely,Master's Degree,Married,No,Excellent,55,5
No,Travels rarely,Bachelor’s Degree,Married,No,Very good,28,1
Yes,Travels rarely,Bachelor’s Degree,Single,No,Good,30,1
Yes,Travels rarely,High School,Single,Yes,Very good,22,1
No,Travels rarely,Master's Degree,Married,Yes,Very good,36,10
No,Travels rarely,Bachelor’s Degree,Divorced,No,Very good,31,10
No,Travels rarely,Bachelor’s Degree,Married,Yes,Very good,34,5
No,Travels rarely,Bachelor’s Degree,Single,No,Very good,29,3
No,Travels rarely,Master's Degree,Married,Yes,Very good,37,5
No,Travels rarely,Technical Education,Married,Yes,Very good,35,3
No,Travels rarely,Technical Education,Married,No,Good,45,9
No,Travels frequently,High School,Single,No,Good,36,10
No,Travels rarely,Master's Degree,Divorced,No,Very good,40,19
No,Travels rarely,Technical Education,Married,Yes,Good,26,1
No,Travels rarely,Technical Education,Single,No,Good,27,8
No,Travels frequently,Bachelor’s Degree,Divorced,No,Very good,48,22
No,Travels rarely,Master's Degree,Married,No,Very good,44,2
Yes,Does not travel,Master's Degree,Married,Yes,Very good,34,5
Yes,Travels rarely,Technical Education,Single,No,Very good,56,4
No,Travels rarely,Technical Education,Married,No,Poor,36,4
No,Travels rarely,Bachelor’s Degree,Married,No,Very good,41,5
No,Travels rarely,Bachelor’s Degree,Married,No,Excellent,42,13
No,Travels rarely,Technical Education,Divorced,Yes,Very good,31,5
No,Travels rarely,High School,Married,Yes,Good,34,4
No,Travels rarely,Bachelor’s Degree,Divorced,No,Good,31,2
No,Travels frequently,Bachelor’s Degree,Married,No,Very good,26,7
No,Travels frequently,Master's Degree,Single,No,Very good,45,4
No,Travels rarely,Master's Degree,Single,No,Good,33,10
No,Travels frequently,Technical Education,Married,Yes,Very good,28,7
Yes,Travels frequently,Bachelor’s Degree,Single,No,Very good,29,1
No,Does not travel,Master's Degree,Married,No,Very good,39,3
No,Travels rarely,Master's Degree,Married,No,Good,27,5
No,Travels frequently,Master's Degree,Married,Yes,Very good,34,15
Yes,Travels rarely,Technical Education,Single,Yes,Very good,28,2
No,Does not travel,Master's Degree,Married,No,Excellent,47,8
No,Travels rarely,PhD,Married,No,Very good,56,0
No,Travels rarely,Technical Education,Married,No,Very good,39,10
No,Travels frequently,Bachelor’s Degree,Divorced,Yes,Very good,38,20
No,Travels rarely,Bachelor’s Degree,Married,Yes,Good,58,1
Yes,Travels frequently,Technical Education,Single,Yes,Very good,32,4
No,Travels rarely,Technical Education,Divorced,No,Excellent,38,5
No,Travels frequently,High School,Married,No,Very good,49,5
No,Travels rarely,Master's Degree,Divorced,Yes,Very good,42,0
Yes,Travels frequently,Bachelor’s Degree,Married,No,Very good,27,1
No,Travels rarely,Master's Degree,Married,No,Poor,35,5
No,Does not travel,Bachelor’s Degree,Single,No,Good,28,5
No,Does not travel,Technical Education,Divorced,Yes,Excellent,31,4
No,Does not travel,Master's Degree,Married,No,Very good,36,5
No,Travels rarely,Bachelor’s Degree,Single,No,Good,34,14
No,Travels rarely,Master's Degree,Divorced,No,Good,34,8
No,Travels rarely,Bachelor’s Degree,Single,No,Good,26,7
No,Travels rarely,Bachelor’s Degree,Married,No,Good,29,5
No,Does not travel,Master's Degree,Divorced,No,Very good,32,5
No,Travels frequently,Bachelor’s Degree,Married,No,Very good,31,10
Yes,Travels rarely,Bachelor’s Degree,Divorced,No,Good,28,4
No,Travels rarely,Bachelor’s Degree,Single,No,Good,38,1
No,Travels rarely,Master's Degree,Married,Yes,Very good,35,10
No,Travels rarely,Bachelor’s Degree,Single,No,Very good,27,7
No,Travels rarely,Master's Degree,Single,No,Very good,32,1
Yes,Travels frequently,Master's Degree,Married,Yes,Very good,31,10
Yes,Travels rarely,Master's Degree,Single,Yes,Good,53,2
No,Travels rarely,Technical Education,Married,No,Good,54,4
No,Travels frequently,Technical Education,Divorced,No,Very good,33,9
No,Travels rarely,Bachelor’s Degree,Married,No,Very good,43,10
No,Travels frequently,Master's Degree,Married,Yes,Very good,38,6
No,Travels rarely,Master's Degree,Married,Yes,Very good,55,10
No,Travels rarely,High School,Divorced,Yes,Very good,31,1
No,Travels rarely,Master's Degree,Single,No,Very good,39,20
No,Does not travel,Technical Education,Single,No,Very good,42,20
No,Does not travel,Bachelor’s Degree,Married,No,Excellent,31,11
No,Travels rarely,Bachelor’s Degree,Single,Yes,Very good,54,5
No,Travels rarely,Technical Education,Single,No,Good,24,4
No,Travels rarely,Technical Education,Single,No,Excellent,23,5
No,Travels frequently,Bachelor’s Degree,Married,No,Excellent,40,10
No,Travels rarely,Technical Education,Married,No,Very good,40,11
No,Travels rarely,Bachelor’s Degree,Married,No,Very good,25,2
No,Travels rarely,Technical Education,Married,No,Good,30,12
No,Travels rarely,High School,Divorced,Yes,Good,25,2
No,Travels rarely,Bachelor’s Degree,Single,No,Very good,47,17
No,Does not travel,Technical Education,Divorced,No,Good,33,1
No,Travels rarely,Master's Degree,Married,No,Very good,38,15
No,Travels rarely,Technical Education,Married,No,Very good,31,2
No,Travels frequently,Master's Degree,Married,No,Very good,38,8
No,Travels rarely,Master's Degree,Divorced,Yes,Good,42,4
No,Travels rarely,Bachelor’s Degree,Married,No,Very good,41,5
No,Does not travel,High School,Married,No,Poor,47,13
No,Travels rarely,Master's Degree,Married,Yes,Very good,35,2
No,Travels rarely,Technical Education,Single,No,Excellent,22,3
No,Travels rarely,Master's Degree,Single,No,Very good,35,10
No,Travels rarely,Technical Education,Married,Yes,Very good,33,9
No,Travels rarely,Master's Degree,Single,No,Very good,32,6
No,Travels rarely,Master's Degree,Married,No,Good,40,1
No,Travels rarely,Master's Degree,Married,No,Very good,32,2
No,Travels rarely,High School,Single,No,Very good,39,7
No,Travels rarely,Bachelor’s Degree,Married,No,Very good,38,18
No,Travels rarely,Master's Degree,Married,No,Very good,32,14
No,Travels rarely,Bachelor’s Degree,Married,Yes,Very good,37,16
No,Travels rarely,Technical Education,Divorced,Yes,Good,25,5
No,Does not travel,Master's Degree,Divorced,No,Good,52,9
No,Travels rarely,Bachelor’s Degree,Single,Yes,Very good,44,4
No,Travels rarely,High School,Single,Yes,Very good,21,2
No,Does not travel,Bachelor’s Degree,Single,No,Good,39,6
Yes,Travels frequently,Bachelor’s Degree,Married,No,Good,23,1
No,Travels rarely,Bachelor’s Degree,Married,No,Very good,36,9
No,Travels frequently,Technical Education,Divorced,No,Very good,36,4
No,Does not travel,Master's Degree,Divorced,No,Good,56,13
Yes,Travels rarely,Master's Degree,Married,Yes,Excellent,29,2
No,Travels rarely,Bachelor’s Degree,Married,No,Good,42,22
Yes,Travels rarely,Technical Education,Married,No,Poor,56,10
No,Travels rarely,Master's Degree,Married,No,Very good,41,20
No,Travels rarely,Bachelor’s Degree,Married,No,Very good,34,8
No,Does not travel,Master's Degree,Divorced,No,Good,36,15
No,Travels rarely,Bachelor’s Degree,Divorced,No,Very good,41,5
No,Travels rarely,Bachelor’s Degree,Single,No,Very good,32,4
No,Travels rarely,Master's Degree,Single,Yes,Very good,35,9
No,Travels rarely,Technical Education,Married,No,Very good,38,10
Yes,Travels frequently,Master's Degree,Divorced,No,Very good,50,6
No,Travels rarely,Master's Degree,Married,No,Good,36,6
No,Travels rarely,Bachelor’s Degree,Single,No,Very good,45,5
No,Travels rarely,Master's Degree,Single,No,Very good,40,2
No,Travels frequently,Master's Degree,Married,Yes,Excellent,35,10
No,Travels rarely,Master's Degree,Married,No,Very good,40,5
No,Travels rarely,Master's Degree,Married,No,Very good,35,4
No,Travels rarely,Technical Education,Married,Yes,Very good,29,4
No,Travels rarely,Master's Degree,Single,No,Poor,29,5
Yes,Travels rarely,Bachelor’s Degree,Divorced,Yes,Very good,50,3
No,Travels rarely,High School,Married,No,Good,39,20
No,Does not travel,Bachelor’s Degree,Single,No,Very good,31,9
No,Travels rarely,Bachelor’s Degree,Single,No,Very good,26,4
No,Travels frequently,Technical Education,Married,No,Very good,36,5
No,Travels rarely,High School,Married,No,Very good,39,7
No,Travels rarely,Bachelor’s Degree,Married,Yes,Very good,27,6
No,Travels frequently,Bachelor’s Degree,Married,No,Good,49,9
No,Travels rarely,Bachelor’s Degree,Married,No,Excellent,34,4
